,Date,Open,High,Low,Close,Adj Close,Volume,Date_str,Daily_return,Cum_return,Average,StDev,bollinger_hi,bollinger_low,BB_owned_short,BB_owned_long
0,2019-03-04,26122.18945,26155.98047,25611.55078,25819.65039,25819.65039,295510000,03/04/2019,0.0,0.0,,,,,,
1,2019-03-05,25829.07031,25877.15039,25725.63086,25806.63086,25806.63086,252260000,03/05/2019,0.0,0.0,,,,,,
2,2019-03-06,25818.75977,25837.60938,25633.71094,25673.46094,25673.46094,256250000,03/06/2019,0.0,0.0,,,,,,
3,2019-03-07,25645.44922,25645.44922,25352.55078,25473.23047,25473.23047,289140000,03/07/2019,0.0,0.0,,,,,,
4,2019-03-08,25347.38086,25466.14063,25252.46094,25450.24023,25450.24023,270500000,03/08/2019,0.0,0.0,,,,,,
5,2019-03-11,25208.0,25661.63086,25208.0,25650.88086,25650.88086,309790000,03/11/2019,0.0,0.0,,,,,,
6,2019-03-12,25600.30078,25675.43945,25522.16992,25554.66016,25554.66016,317730000,03/12/2019,0.0,0.0,,,,,,
7,2019-03-13,25637.23047,25776.49023,25571.31055,25702.89063,25702.89063,331410000,03/13/2019,0.0,0.0,,,,,,
8,2019-03-14,25692.31055,25752.83984,25621.31055,25709.93945,25709.93945,302790000,03/14/2019,0.0,0.0,,,,,,
9,2019-03-15,25720.96094,25927.91016,25649.69922,25848.86914,25848.86914,616910000,03/15/2019,0.0,0.0,,,,,,
10,2019-03-18,25801.88086,25924.76953,25785.66016,25914.09961,25914.09961,399530000,03/18/2019,0.0,0.0,,,,,,
11,2019-03-19,25987.86914,26109.67969,25814.91992,25887.38086,25887.38086,342250000,03/19/2019,0.0,0.0,,,,,,
12,2019-03-20,25867.78906,25929.51953,25670.63086,25745.66992,25745.66992,321980000,03/20/2019,0.0,0.0,,,,,,
13,2019-03-21,25688.43945,26009.90039,25657.7793,25962.50977,25962.50977,335250000,03/21/2019,0.0,0.0,,,,,,
14,2019-03-22,25844.65039,25877.00977,25501.44922,25502.32031,25502.32031,386510000,03/22/2019,0.0,0.0,,,,,,
15,2019-03-25,25490.7207,25603.26953,25372.25977,25516.83008,25516.83008,303120000,03/25/2019,0.0,0.0,,,,,,
16,2019-03-26,25649.56055,25796.28906,25544.7793,25657.73047,25657.73047,305110000,03/26/2019,0.0,0.0,,,,,,
17,2019-03-27,25676.33984,25758.16992,25425.26953,25625.58984,25625.58984,270340000,03/27/2019,0.0,0.0,,,,,,
18,2019-03-28,25693.32031,25743.41016,25576.68945,25717.46094,25717.46094,237170000,03/28/2019,0.0,0.0,,,,,,
19,2019-03-29,25827.31055,25949.32031,25771.66992,25928.67969,25928.67969,300620000,03/29/2019,0.0,0.0,,,,,,
20,2019-04-01,26075.09961,26280.90039,26071.68945,26258.41992,26258.41992,295570000,04/01/2019,0.0,0.0,25733.67354952381,194.7459895728999,26123.16552866961,25344.18157037801,1.0,0.0
21,2019-04-02,26213.55078,26221.24023,26122.31055,26179.13086,26179.13086,250940000,04/02/2019,0.0,0.0,25750.79166714286,217.18731299108654,26185.166293125036,25316.417041160686,1.0,0.0
22,2019-04-03,26238.0293,26282.16992,26138.4707,26218.13086,26218.13086,271980000,04/03/2019,0.0,0.0,25770.386905238094,239.85735799960386,26250.101621237303,25290.672189238885,1.0,0.0
23,2019-04-04,26213.41992,26398.90039,26212.7793,26384.63086,26384.63086,233040000,04/04/2019,0.0,0.0,25804.252139523807,273.353992196699,26350.960123917204,25257.54415513041,1.0,0.0
24,2019-04-05,26427.56055,26487.57031,26370.82031,26424.99023,26424.99023,229550000,04/05/2019,0.0,0.0,25849.574032857145,293.8582122341891,26437.290457325522,25261.857608388767,1.0,0.0
25,2019-04-08,26312.66992,26344.65039,26246.0293,26341.01953,26341.01953,229380000,04/08/2019,0.0,0.0,25891.992094761903,297.6003223298185,26487.192739421538,25296.791450102268,1.0,0.0
26,2019-04-09,26243.53906,26246.33984,26103.14063,26150.58008,26150.58008,244410000,04/09/2019,0.0,0.0,25915.787295714283,297.33497206363705,26510.45723984156,25321.117351587007,1.0,0.0
27,2019-04-10,26173.71094,26209.49023,26101.24023,26157.16016,26157.16016,203130000,04/10/2019,0.0,0.0,25944.477771904756,289.717427142483,26523.91262618972,25365.04291761979,1.0,0.0
28,2019-04-11,26188.21094,26229.88086,26062.58984,26143.05078,26143.05078,211680000,04/11/2019,0.0,0.0,25965.43777904762,287.27729498895997,26539.992369025542,25390.8831890697,1.0,0.0
29,2019-04-12,26357.78906,26436.67969,26309.7207,26412.30078,26412.30078,369910000,04/12/2019,0.0,0.0,25998.88355666666,296.7727252415663,26592.429007149793,25405.338106183528,1.0,0.0
30,2019-04-15,26407.75977,26424.84961,26316.41992,26384.76953,26384.76953,250620000,04/15/2019,0.0,0.0,26024.402622857142,306.1216253901205,26636.645873637382,25412.1593720769,1.0,0.0
31,2019-04-16,26482.18945,26530.71094,26397.18945,26452.66016,26452.66016,302340000,04/16/2019,0.0025730992238838803,0.0025730992238838803,26050.048363333328,318.7189177008539,26687.486198735034,25412.61052793162,1.0,0.0
32,2019-04-17,26468.5293,26501.01953,26391.85938,26449.53906,26449.53906,367780000,04/17/2019,-0.00011798813356094229,0.002455111090322938,26076.81780142857,327.85045454871346,26732.518710525997,25421.11689233114,1.0,0.0
33,2019-04-18,26463.36914,26602.41992,26444.5293,26559.53906,26559.53906,332850000,04/18/2019,0.004158862645979132,0.00661397373630207,26115.573474761903,334.7788268791944,26785.13112852029,25446.015821003515,1.0,0.0
34,2019-04-22,26510.76953,26553.05078,26458.60938,26511.05078,26511.05078,232570000,04/22/2019,-0.0018256446352649073,0.004788329101037163,26141.694475238095,343.5245711584339,26828.743617554963,25454.645332921227,1.0,0.0
35,2019-04-23,26513.83008,26695.96094,26503.56055,26656.39063,26656.39063,311690000,04/23/2019,0.005482236490967194,0.010270565592004358,26196.650204761903,328.0908907594907,26852.831986280886,25540.46842324292,1.0,0.0
36,2019-04-24,26652.56055,26680.58008,26582.85938,26597.05078,26597.05078,283370000,04/24/2019,-0.002226102206546194,0.008044463385458164,26248.089285714286,299.6224549806881,26847.334195675663,25648.84437575291,1.0,0.0
37,2019-04-25,26426.36914,26536.48047,26310.2793,26462.08008,26462.08008,296730000,04/25/2019,-0.005074649107392562,0.0029698142780656012,26286.39164809524,270.3638612201477,26827.119370535536,25745.663925654942,1.0,0.0
38,2019-04-26,26454.61914,26543.56055,26392.55078,26543.33008,26543.33008,317290000,04/26/2019,0.0030704313400294115,0.006040245618095012,26330.093564285715,229.25789738109134,26788.609359047896,25871.577769523534,1.0,0.0
39,2019-04-29,26559.86914,26602.53906,26520.75,26554.39063,26554.39063,279450000,04/29/2019,0.00041669790364156023,0.006456943521736573,26369.94735904762,186.12083272506248,26742.189024497744,25997.705693597494,1.0,0.0
40,2019-04-30,26594.56055,26614.03906,26419.4707,26592.91016,26592.91016,340320000,04/30/2019,0.0014505898680454018,0.007907533389781975,26401.57738142857,162.2967833499813,26726.170948128532,26076.98381472861,1.0,0.0
41,2019-05-01,26639.06055,26689.39063,26426.38086,26430.14063,26430.14063,303850000,05/01/2019,-0.006120786669103603,0.0017867467206783725,26409.754558095236,159.01611986498415,26727.786797825203,26091.722318365268,1.0,0.0
42,2019-05-02,26407.15039,26454.68945,26180.35938,26307.78906,26307.78906,287610000,05/02/2019,-0.004629244002626502,-0.002842497281948129,26415.881139047622,152.0105202509845,26719.90217954959,26111.860098545654,0.0,0.0
43,2019-05-03,26379.14063,26534.96094,26370.08984,26504.94922,26504.94922,248900000,05/03/2019,0.007494364484614712,0.004651867202666583,26429.539156190476,146.1257241971553,26721.79060458479,26137.287707796164,0.0,0.0
44,2019-05-06,26160.61914,26476.26953,26033.94922,26438.48047,26438.48047,283020000,05/06/2019,-0.0025077863552307534,0.0021440808474358294,26432.103423333334,145.77030779332125,26723.644038919978,26140.56280774669,0.0,0.0
45,2019-05-07,26276.90039,26276.90039,25789.71094,25965.08984,25965.08984,334960000,05/07/2019,-0.017905364513560416,-0.015761283666124587,26410.2034047619,177.89869520314468,26766.00079516819,26054.406014355613,0.0,1.0
46,2019-05-08,25933.78906,26118.09961,25889.41016,25967.33008,25967.33008,276420000,05/08/2019,8.627892350089307e-05,-0.015675004742623695,26392.40866904762,202.1953984832808,26796.799466014185,25988.017872081058,0.0,1.0
47,2019-05-09,25878.84961,25884.89063,25517.39063,25828.35938,25828.35938,334760000,05/09/2019,-0.00535175158831724,-0.021026756330940935,26377.06482619048,231.55841742036674,26840.181661031213,25913.947991349745,0.0,1.0
48,2019-05-10,25763.7207,26019.32031,25469.85938,25942.36914,25942.36914,294580000,05/10/2019,0.004414130929596705,-0.01661262540134423,26366.836682380952,246.04789955445736,26858.93248148987,25874.740883272036,0.0,1.0
49,2019-05-13,25568.06055,25568.06055,25222.50977,25324.99023,25324.99023,361240000,05/13/2019,-0.02379809286762772,-0.040410718268971954,26327.881418095236,332.7376979552032,26993.35681400564,25662.40602218483,0.0,1.0
50,2019-05-14,25384.0293,25688.96094,25384.0293,25532.05078,25532.05078,291570000,05/14/2019,0.008176135434584212,-0.032234582834387744,26285.964751428575,374.4068737913269,27034.77849901123,25537.15100384592,0.0,1.0
51,2019-05-15,25400.13086,25724.89063,25341.93945,25648.01953,25648.01953,270720000,05/15/2019,0.0045420852010384415,-0.027692497633349304,26250.881418095243,398.4328185708073,27047.747055236858,25454.01578095363,0.0,1.0
52,2019-05-16,25692.14063,25957.63086,25692.14063,25862.67969,25862.67969,320960000,05/16/2019,0.008369463371193847,-0.019323034262155456,26222.78711,404.2514716239549,27031.29005324791,25414.28416675209,0.0,1.0
53,2019-05-17,25719.94922,25948.74023,25657.7793,25764.0,25764.0,283760000,05/17/2019,-0.0038155245776081,-0.023138558839763557,26190.142392857146,412.61816386169517,27015.378720580535,25364.906065133757,0.0,1.0
54,2019-05-20,25655.31055,25751.71094,25560.55078,25679.90039,25679.90039,279560000,05/20/2019,-0.003264229545101736,-0.026402788384865292,26148.254837142857,417.85895185799774,26983.97274085885,25312.53693342686,0.0,1.0
55,2019-05-21,25782.33984,25898.26953,25779.60938,25877.33008,25877.33008,260870000,05/21/2019,0.007688101861831282,-0.01871468652303401,26118.077660952385,413.205608602857,26944.4888781581,25291.66644374667,0.0,1.0
56,2019-05-22,25818.46094,25878.21094,25755.10938,25776.60938,25776.60938,241760000,05/22/2019,-0.003892236938224271,-0.022606923461258283,26076.18331571429,400.296101307979,26876.775518330247,25275.591113098333,0.0,1.0
57,2019-05-23,25657.99023,25657.99023,25328.08984,25490.4707,25490.4707,316940000,05/23/2019,-0.011100710562111952,-0.033707634023370237,26023.489026190473,401.13496956672776,26825.75896532393,25221.219087057016,0.0,1.0
58,2019-05-24,25551.07031,25670.81055,25496.19922,25585.68945,25585.68945,201370000,05/24/2019,0.0037354645632338202,-0.029972169460136415,25981.756139047622,398.805549194213,26779.367237436047,25184.145040659198,0.0,1.0
59,2019-05-28,25616.55078,25717.63086,25342.2793,25347.76953,25347.76953,358980000,05/28/2019,-0.009298945039763244,-0.03927111449989966,25924.824684285715,399.96412647195143,26724.75293722962,25124.89643134181,0.0,1.0
60,2019-05-29,25231.46094,25231.46094,24938.24023,25126.41016,25126.41016,298930000,05/29/2019,-0.008732893430248967,-0.048004007930148626,25856.82561428571,408.8665538986113,26674.558722082933,25039.092506488487,0.0,1.0
61,2019-05-30,25139.93945,25218.53906,25066.75,25169.88086,25169.88086,215240000,05/30/2019,0.0017300800123530927,-0.04627392791779553,25789.06231428572,398.5649666977195,26586.192247681156,24991.93238089028,0.0,1.0
62,2019-05-31,25046.31055,25046.31055,24809.50977,24815.03906,24815.03906,292230000,05/31/2019,-0.014097873644047194,-0.06037180156184273,25712.15271571429,423.7100266210707,26559.57276895643,24864.732662472146,0.0,1.0
63,2019-06-03,24830.16016,24935.21094,24680.57031,24819.7793,24819.7793,328240000,06/03/2019,0.00019102287078967732,-0.06018077869105305,25641.295108095237,443.0978774445163,26527.49086298427,24755.099353206206,0.0,1.0
64,2019-06-04,24962.82031,25343.76953,24962.82031,25332.17969,25332.17969,281690000,06/04/2019,0.020644840705735145,-0.039535937985317904,25585.44894,400.67903690494916,26386.807013809896,24784.0908661901,0.0,1.0
65,2019-06-05,25451.0,25544.66016,25373.58008,25539.57031,25539.57031,262660000,06/05/2019,0.008186844659161594,-0.03134909332615631,25542.643694285714,349.774055609062,26242.191805503837,24843.095583067592,0.0,1.0
66,2019-06-06,25567.44922,25800.30078,25518.05078,25720.66016,25720.66016,248070000,06/06/2019,0.007090559778489879,-0.024258533547666432,25531.004185714286,338.9116311241989,26208.827447962685,24853.180923465887,0.0,0.0
67,2019-06-07,25768.7207,26072.75,25768.7207,25983.93945,25983.93945,263010000,06/07/2019,0.010236101576018111,-0.014022431971648321,25531.795108095237,339.9984415487943,26211.791991192826,24851.79822499765,0.0,0.0
68,2019-06-10,26090.2207,26210.60938,26054.31055,26062.67969,26062.67969,249280000,06/10/2019,0.003030342652680372,-0.01099208931896795,25542.953218095237,353.78328855754023,26250.51979521032,24835.386640980156,0.0,0.0
69,2019-06-11,26180.58984,26248.66992,25998.86914,26048.50977,26048.50977,253490000,06/11/2019,-0.000543686227530822,-0.011535775546498771,25548.00753380952,360.4698451674165,26268.94722414435,24827.067843474688,0.0,0.0
70,2019-06-12,26040.30078,26082.09961,25958.66016,26004.83008,26004.83008,223690000,06/12/2019,-0.001676859458973988,-0.01321263500547276,25580.38086,369.84534802999553,26320.071556059993,24840.69016394001,0.0,0.0
71,2019-06-13,26036.93945,26146.91016,25995.71094,26106.76953,26106.76953,213400000,06/13/2019,0.003920019845790189,-0.00929261515968257,25607.74841952381,386.95815115203726,26381.664721827885,24833.832117219736,0.0,0.0
72,2019-06-14,26076.35938,26162.2793,25988.08984,26089.60938,26089.60938,208020000,06/14/2019,-0.0006573065265804146,-0.009949921686262984,25628.776507619048,400.99966630187794,26430.775840222803,24826.777175015293,0.0,0.0
73,2019-06-17,26108.5293,26165.7793,26049.80078,26112.5293,26112.5293,199500000,06/17/2019,0.0008785075953481613,-0.009071414090914822,25640.67410809524,411.84633676007525,26464.36678161539,24816.981434575093,0.0,0.0
74,2019-06-18,26228.88086,26527.18945,26227.75977,26465.53906,26465.53906,273490000,06/18/2019,0.013518788469104785,0.0044473743781899625,25674.080729999994,449.1160743723031,26572.3128787446,24775.848581255388,0.0,0.0
75,2019-06-19,26490.16016,26569.75,26415.05078,26504.0,26504.0,240950000,06/19/2019,0.0014532460462190506,0.005900620424409013,25713.323568571424,484.2776622715822,26681.87889311459,24744.76824402826,0.0,0.0
76,2019-06-20,26665.38086,26798.63086,26539.68945,26753.16992,26753.16992,278170000,06/20/2019,0.009401219438575319,0.015301839862984331,25755.030227619045,534.24484221683,26823.519912052703,24686.540543185387,0.0,0.0
77,2019-06-21,26749.11914,26907.36914,26705.86914,26719.13086,26719.13086,485560000,06/21/2019,-0.0012723374501708079,0.014029502412813522,25799.91220285714,574.2418119798859,26948.39582681691,24651.42857889737,0.0,0.0
78,2019-06-24,26727.60938,26806.51953,26723.36914,26727.53906,26727.53906,232390000,06/24/2019,0.0003146883798000169,0.014344190792613539,25858.82022,603.6115253523301,27066.04327070466,24651.597169295343,0.0,0.0
79,2019-06-25,26731.60938,26752.31055,26527.66016,26548.2207,26548.2207,282160000,06/25/2019,-0.006709123484861441,0.007635067307752098,25904.65504142857,618.2027429211068,27141.060527270783,24668.249555586357,0.0,0.0
80,2019-06-26,26599.41992,26660.03906,26536.33008,26536.82031,26536.82031,274340000,06/26/2019,-0.0004294219988913425,0.007205645308860756,25961.276507142855,619.0992764928826,27199.47506012862,24723.07795415709,0.0,0.0
81,2019-06-27,26523.7207,26607.24023,26465.32031,26526.58008,26526.58008,246930000,06/27/2019,-0.0003858876037284901,0.006819757705132265,26027.95126523809,599.7869873657388,27227.525239969567,24828.377290506614,0.0,0.0
82,2019-06-28,26605.92969,26638.34961,26522.26953,26599.96094,26599.96094,499350000,06/28/2019,0.002766314382732187,0.009586072087864453,26096.050316666664,578.2910925747618,27252.632501816188,24939.46813151714,0.0,0.0
83,2019-07-01,26805.85938,26890.64063,26616.21094,26717.42969,26717.42969,267670000,07/01/2019,0.004416124905783414,0.014002196993647867,26186.640346666663,512.8935862671822,27212.42751920103,25160.8531741323,0.0,0.0
84,2019-07-02,26719.5293,26787.56055,26632.65039,26786.67969,26786.67969,219270000,07/02/2019,0.002591940946546943,0.01659413794019481,26280.302270000004,422.4163251935786,27125.13492038716,25435.469619612846,0.0,0.0
85,2019-07-03,26832.32031,26966.0,26831.43945,26966.0,26966.0,149840000,07/03/2019,0.0066943836292985195,0.023288521569493327,26358.10323714286,388.12647331550295,27134.356183773863,25581.850290511855,0.0,0.0
86,2019-07-05,26867.75,26950.81055,26733.33008,26922.11914,26922.11914,192170000,07/05/2019,-0.0016272661870504013,0.021661255382442925,26423.938895714287,358.4647792248975,27140.868454164083,25707.00933726449,0.0,0.0
87,2019-07-08,26835.64063,26839.14063,26744.86914,26806.14063,26806.14063,214290000,07/08/2019,-0.004307926482194343,0.017353328900248582,26475.628441904766,329.037167473926,27133.702776852617,25817.554106956915,0.0,0.0
88,2019-07-09,26725.11914,26807.69922,26665.57031,26783.49023,26783.49023,218330000,07/09/2019,-0.000844970572699792,0.01650835832754879,26513.70228857143,315.2687737149234,27144.239836001274,25883.164741141583,0.0,0.0
89,2019-07-10,26851.960939999997,26983.44922,26813.10938,26860.19922,26860.19922,207990000,07/10/2019,0.002864040098630535,0.019372398426179327,26551.679409047618,306.1240955387699,27163.927600125156,25939.43121797008,0.0,0.0
90,2019-07-11,26950.160160000003,27088.44922,26916.320310000003,27088.08008,27088.08008,252300000,07/11/2019,0.008483960157314169,0.027856358583493494,26601.182757142855,304.73948058973644,27210.661718322328,25991.70379596338,0.0,0.0
91,2019-07-12,27139.49023,27333.789060000003,27135.44922,27332.0293,27332.0293,248390000,07/12/2019,0.009005777422376795,0.03686213600587029,26664.382720000005,312.40552434814595,27289.193768696296,26039.571671303715,1.0,0.0
92,2019-07-15,27364.68945,27364.68945,27294.16992,27359.160160000003,27359.160160000003,199730000,07/15/2019,0.0009926397964166078,0.0378547758022869,26724.02036904762,320.0810695334322,27364.182508114485,26083.858229980753,1.0,0.0
93,2019-07-16,27349.320310000003,27398.679689999997,27290.24023,27335.63086,27335.63086,226000000,07/16/2019,-0.0008600154340410852,0.03699476036824581,26783.354725238096,311.98525836781533,27407.325241973725,26159.384208502466,1.0,0.0
94,2019-07-17,27320.910160000003,27343.06055,27218.38086,27219.84961,27219.84961,193930000,07/17/2019,-0.004235543368030395,0.03275921700021542,26836.08426380953,285.379446794703,27406.843157398936,26265.325370220125,1.0,0.0
95,2019-07-18,27191.98047,27266.81055,27068.789060000003,27222.9707,27222.9707,216070000,07/18/2019,0.00011466227935564812,0.03287387927957107,26872.152437142857,284.06748879617226,27440.2874147352,26304.017459550512,1.0,0.0
96,2019-07-19,27246.38086,27342.960939999997,27145.7793,27154.19922,27154.19922,287690000,07/19/2019,-0.0025262298063599307,0.030347649473211138,26903.1143047619,277.28771631551393,27457.689737392928,26348.538872130874,1.0,0.0
97,2019-07-22,27174.179689999997,27227.76953,27088.90039,27171.90039,27171.90039,216310000,07/22/2019,0.0006518759716163074,0.030999525444827446,26923.053850952376,280.9966990853743,27485.047249123123,26361.06045278163,1.0,0.0
98,2019-07-23,27231.85938,27368.81055,27204.58008,27349.18945,27349.18945,248850000,07/23/2019,0.006524720665664225,0.03752424611049167,26953.056640952378,291.5721475819297,27536.200936116238,26369.912345788518,1.0,0.0
99,2019-07-24,27262.24023,27291.039060000003,27191.11914,27269.9707,27269.9707,244320000,07/24/2019,-0.0028965666476086366,0.03462767946288303,26978.88671904762,294.60580737586184,27568.098333799342,26389.675104295897,1.0,0.0
100,2019-07-25,27247.39063,27298.429689999997,27062.48047,27140.98047,27140.98047,241420000,07/25/2019,-0.0047301198603782535,0.02989755960250478,27007.113374761906,279.27774463588105,27565.66886403367,26448.557885490143,1.0,0.0
101,2019-07-26,27166.0,27213.69922,27123.25,27192.44922,27192.44922,233650000,07/26/2019,0.0018963482198769662,0.03179390782238174,27038.333799047618,260.0601823617833,27558.454163771185,26518.21343432405,1.0,0.0
102,2019-07-29,27192.24023,27275.84961,27178.06055,27221.34961,27221.34961,250850000,07/29/2019,0.0010628093764627252,0.03285671719884447,27071.41806238095,234.6532493930003,27540.724561166953,26602.11156359495,1.0,0.0
103,2019-07-30,27145.39063,27224.35938,27069.85938,27198.01953,27198.01953,293250000,07/30/2019,-0.0008570508198252307,0.031999666379019236,27099.897042857145,209.5193264910439,27518.93569583923,26680.85838987506,1.0,0.0
104,2019-07-31,27244.66992,27281.65039,26719.59961,26864.26953,26864.26953,385150000,07/31/2019,-0.012271114065193848,0.019728552313825386,27106.88941619048,198.26488005915454,27503.419176308787,26710.35965607217,0.0,0.0
105,2019-08-01,26879.85938,27175.589839999997,26548.71094,26583.41992,26583.41992,386320000,08/01/2019,-0.01045439220621165,0.009274160107613736,27097.210379523807,218.59756851640208,27534.40551655661,26660.015242491005,0.0,1.0
106,2019-08-02,26528.66016,26570.01953,26249.2207,26485.00977,26485.00977,327640000,08/02/2019,-0.0037019371584301295,0.005572222949183607,27074.30608285714,255.17196347860352,27584.650009814348,26563.96215589993,0.0,1.0
107,2019-08-05,26259.23047,26259.23047,25523.38086,25717.74023,25717.74023,422240000,08/05/2019,-0.02896995495425868,-0.023397732005075077,27016.954706190474,390.531168919687,27798.01704402985,26235.8923683511,0.0,1.0
108,2019-08-06,25810.61914,26038.67969,25710.86914,26029.51953,26029.51953,318160000,08/06/2019,0.012123121907744769,-0.011274610097330308,26979.972749047625,444.53102041237656,27869.034789872378,26090.910708222873,0.0,1.0
109,2019-08-07,25814.2207,26073.21094,25440.39063,26007.07031,26007.07031,344790000,08/07/2019,-0.00086245233893498,-0.012137062436265288,26943.00037190476,491.4969098421381,27925.994191589038,25960.006552220482,0.0,1.0
110,2019-08-08,26086.51953,26383.60938,26038.09961,26378.18945,26378.18945,282530000,08/08/2019,0.01426993258280627,0.002132870146540981,26920.047525714286,506.5805019106268,27933.20852953554,25906.886521893033,0.0,1.0
111,2019-08-09,26337.08984,26413.35938,26097.64063,26287.43945,26287.43945,240260000,08/09/2019,-0.003440342263521047,-0.0013074721169800659,26881.92178142857,523.159111387514,27928.2400042036,25835.60355865354,0.0,1.0
112,2019-08-12,26169.91016,26178.94922,25824.93945,25896.43945,25896.43945,199390000,08/12/2019,-0.014874023799225526,-0.01618149591620559,26813.560359999992,554.2719910434047,27922.1043420868,25705.016377913184,0.0,1.0
113,2019-08-13,25888.88086,26426.9707,25833.25,26279.91016,26279.91016,308900000,08/13/2019,0.014807854598713869,-0.0013736413174917222,26762.16750285714,551.1799367825797,27864.527376422302,25659.80762929198,0.0,1.0
114,2019-08-14,26035.08008,26035.08008,25471.58984,25479.41992,25479.41992,352250000,08/14/2019,-0.030460158924683296,-0.03183380024217502,26673.77650571429,601.1861299830184,27876.148765680326,25471.404245748254,0.0,1.0
115,2019-08-15,25514.25,25639.68945,25339.59961,25579.39063,25579.39063,332600000,08/15/2019,0.003923586577476581,-0.02791021366469844,26595.659411428573,632.4488903700185,27860.55719216861,25330.761630688536,0.0,1.0
116,2019-08-16,25678.16992,25929.65039,25678.16992,25886.00977,25886.00977,276210000,08/16/2019,0.011986960300781757,-0.01592325336391668,26531.994605238102,633.4349919653641,27798.86458916883,25265.124621307375,0.0,1.0
117,2019-08-19,26020.06055,26222.32031,26020.06055,26135.78906,26135.78906,252640000,08/19/2019,0.009649200174894262,-0.006274053189022417,26483.49888333333,622.3041658411618,27728.107215015654,25238.890551651006,0.0,1.0
118,2019-08-20,26086.85938,26160.11914,25952.0,25962.43945,25962.43945,238100000,08/20/2019,-0.006632652628242382,-0.012906705817264798,26425.905505238094,611.2773042548349,27648.460113747762,25203.350896728425,0.0,1.0
119,2019-08-21,26145.35938,26268.32031,26141.76953,26202.73047,26202.73047,208790000,08/21/2019,0.009255332899774829,-0.0036513729174899694,26371.312220476186,574.802737731676,27520.917695939537,25221.706745012834,0.0,1.0
120,2019-08-22,26271.64063,26388.7793,26099.00977,26252.24023,26252.24023,222810000,08/22/2019,0.001889488580462463,-0.0017618843370275064,26322.84886476191,536.8999994591002,27396.648863680108,25249.04886584371,0.0,1.0
121,2019-08-23,26134.21094,26320.28906,25507.17969,25628.90039,25628.90039,364260000,08/23/2019,-0.023744253234726724,-0.02550613757175423,26250.84505142857,522.9044759175991,27296.654003263768,25205.03609959337,0.0,1.0
122,2019-08-26,25826.05078,25941.25,25716.39063,25898.83008,25898.83008,222780000,08/26/2019,0.0105322384453655,-0.014973899126388728,26189.244140000006,480.9464539045124,27151.137047809032,25227.35123219098,0.0,1.0
123,2019-08-27,26014.46094,26054.01953,25721.84961,25777.90039,25777.90039,263530000,08/27/2019,-0.0046693109158389,-0.01964321004222763,26120.508462857146,426.083052371754,26972.674567600654,25268.342358113638,0.0,1.0
124,2019-08-28,25712.99023,26041.57031,25637.42969,26036.09961,26036.09961,207070000,08/28/2019,0.010016301409100226,-0.009626908633127403,26065.178942857143,347.3284924636831,26759.83592778451,25370.521957929777,0.0,1.0
125,2019-08-29,26249.08984,26408.83984,26185.71094,26362.25,26362.25,208650000,08/29/2019,0.012526852903678797,0.0028999442705513936,26041.273250952385,304.1747816518653,26649.622814256116,25432.923687648654,0.0,0.0
126,2019-08-30,26476.39063,26514.61914,26295.58984,26403.2793,26403.2793,2190810000,08/30/2019,0.0015563656364687508,0.004456309907020144,26032.695126190476,290.34686634556516,26613.388858881608,25452.001393499344,0.0,0.0
127,2019-09-03,26198.25977,26198.25977,25978.2207,26118.01953,26118.01953,223210000,09/03/2019,-0.010803952295425552,-0.006347642388405408,26015.21940047619,272.2411019703531,26559.701604416896,25470.737196535487,0.0,0.0
128,2019-09-04,26301.99023,26362.34961,26244.43945,26355.4707,26355.4707,202710000,09/04/2019,0.009091469195329155,0.002743826806923747,26045.58751809523,272.9665518043257,26591.520621703883,25499.65441448658,0.0,0.0
129,2019-09-05,26603.15039,26836.30078,26603.15039,26728.15039,26728.15039,256670000,09/05/2019,0.01414050594057488,0.016884332747498627,26078.855654285715,310.85418730837205,26700.56402890246,25457.14727966897,1.0,0.0
130,2019-09-06,26790.25,26860.86914,26708.39063,26797.46094,26797.46094,209700000,09/06/2019,0.0025931667170629824,0.01947749946456161,26116.493303333333,347.42614259744437,26811.34558852822,25421.641018138445,1.0,0.0
131,2019-09-09,26866.23047,26900.83008,26762.17969,26835.50977,26835.50977,273120000,09/09/2019,0.0014198669823679096,0.020897366446929518,26138.270461428572,377.6664639898296,26893.603389408232,25382.937533448912,1.0,0.0
132,2019-09-10,26805.83008,26909.429689999997,26717.05078,26909.429689999997,26909.429689999997,322340000,09/10/2019,0.0027545562068149463,0.023651922653744464,26167.88904428572,412.71369371825455,26993.31643172223,25342.46165684921,1.0,0.0
133,2019-09-11,26928.05078,27137.039060000003,26885.48047,27137.039060000003,27137.039060000003,272590000,09/11/2019,0.008458349828372212,0.032110272482116675,26226.96521619048,458.19912999410485,27143.363476178693,25310.56695620227,1.0,0.0
134,2019-09-12,27197.320310000003,27306.73047,27105.00977,27182.44922,27182.44922,250010000,09/12/2019,0.0016733645811392295,0.033783637063255906,26269.943266666665,503.5020357322579,27276.94733813118,25262.93919520215,1.0,0.0
135,2019-09-13,27216.66992,27277.55078,27193.94922,27219.51953,27219.51953,255260000,09/13/2019,0.0013637590086152949,0.0351473960718712,26352.805152857145,510.0424483387476,27372.89004953464,25332.72025617965,1.0,0.0
136,2019-09-16,27146.06055,27172.86914,27032.56055,27076.820310000003,27076.820310000003,220620000,09/16/2019,-0.00524253265538808,0.029904863416483123,26424.111328095238,501.10467582058817,27426.320679736415,25421.90197645406,1.0,0.0
137,2019-09-17,27010.11914,27110.80078,26984.14063,27110.80078,27110.80078,223580000,09/17/2019,0.0012549653028294814,0.031159828719312603,26482.43470952381,506.5902232510692,27495.61515602595,25469.254263021674,1.0,0.0
138,2019-09-18,27075.39063,27161.929689999997,26899.15039,27147.08008,27147.08008,212860000,09/18/2019,0.0013381862193743111,0.03249801493868691,26530.591424761904,519.8828182561924,27570.357061274288,25490.82578824952,1.0,0.0
139,2019-09-19,27186.05078,27272.16992,27064.210939999997,27094.789060000003,27094.789060000003,212360000,09/19/2019,-0.0019262115795105775,0.030571803359176333,26584.512834761903,516.7217487177353,27617.956332197373,25551.069337326433,1.0,0.0
140,2019-09-20,27102.179689999997,27194.75,26926.679689999997,26935.070310000003,26935.070310000003,497640000,09/20/2019,-0.005894814299764841,0.024676989059411493,26619.386160476188,514.3744237219876,27648.135007920162,25590.637313032214,1.0,0.0
141,2019-09-23,26851.44922,27011.070310000003,26831.33984,26949.99023,26949.99023,204240000,09/23/2019,0.0005539217023858081,0.0252309107617973,26652.61235095238,512.0029442152774,27676.618239382933,25628.606462521824,1.0,0.0
142,2019-09-24,27034.070310000003,27079.679689999997,26704.96094,26807.76953,26807.76953,301750000,09/24/2019,-0.005277207850030379,0.019953702911766923,26708.74897666667,455.6780734925145,27620.105123651698,25797.39282968164,1.0,0.0
143,2019-09-25,26866.710939999997,27016.56055,26755.85938,26970.710939999997,26970.710939999997,237220000,09/25/2019,0.006078141257431043,0.026031844169197967,26759.79092238095,418.97462331413266,27597.740169009216,25921.841675752687,1.0,0.0
144,2019-09-26,27004.10938,27015.070310000003,26803.83984,26891.11914,26891.11914,229180000,09/26/2019,-0.0029510456797768913,0.023080798489421076,26812.80133904762,353.9011580236341,27520.60365509489,26104.99902300035,1.0,0.0
145,2019-09-27,26987.25977,27012.539060000003,26715.82031,26820.25,26820.25,217780000,09/27/2019,-0.002635410584105533,0.020445387905315544,26850.141833809525,305.9763010531591,27462.094435915842,26238.189231703207,0.0,0.0
146,2019-09-30,26852.33008,26998.85938,26852.33008,26916.83008,26916.83008,222680000,09/30/2019,0.003601013413372348,0.02404640131868789,26876.55040904762,284.97308180222745,27446.496572652075,26306.604245443166,0.0,0.0
147,2019-10-01,26962.539060000003,27046.210939999997,26562.2207,26573.03906,26573.03906,260110000,10/01/2019,-0.012772344253696034,0.011274057064991856,26884.63420714286,273.034287201643,27430.702781546144,26338.565632739574,0.0,0.0
148,2019-10-02,26425.85938,26438.03906,25974.11914,26078.61914,26078.61914,309640000,10/02/2019,-0.0186060735802042,-0.007332016515212345,26882.757998095236,278.6433869335902,27440.044771962417,26325.471224228055,0.0,1.0
149,2019-10-03,26039.01953,26205.19922,25743.46094,26201.03906,26201.03906,241610000,10/03/2019,0.004694263885016432,-0.002637752630195913,26875.404110476185,294.8233271415433,27465.05076475927,26285.7574561931,0.0,1.0
150,2019-10-04,26271.69922,26590.74023,26271.69922,26573.7207,26573.7207,221310000,10/04/2019,0.014223925972804627,0.011586173342608714,26868.050315714285,300.55028383394097,27469.150883382168,26266.9497480464,0.0,1.0
151,2019-10-07,26502.33008,26655.83984,26424.53906,26478.01953,26478.01953,195200000,10/07/2019,-0.0036013462728988594,0.007984827069709854,26852.83882,312.16113102492744,27477.161082049857,26228.516557950144,0.0,1.0
152,2019-10-08,26276.58984,26421.81055,26139.80078,26164.03906,26164.03906,244590000,10/08/2019,-0.011858155389766126,-0.003873328320056272,26820.864024285715,346.52316726858385,27513.910358822883,26127.817689748546,0.0,1.0
153,2019-10-09,26308.23047,26424.31055,26249.75,26346.00977,26346.00977,190060000,10/09/2019,0.00695499305679455,0.0030816647367382785,26794.034504285715,360.8387803947082,27515.71206507513,26072.3569434963,0.0,1.0
154,2019-10-10,26317.34961,26603.31055,26314.50977,26496.66992,26496.66992,217680000,10/10/2019,0.005718518717455091,0.00880018345419337,26763.540735714287,357.4450175289917,27478.43077077227,26048.650700656304,0.0,1.0
155,2019-10-11,26694.19922,27013.9707,26694.19922,26816.58984,26816.58984,282080000,10/11/2019,0.012073967067028334,0.020874150521221706,26746.118860476192,344.6951365998612,27435.509133675914,26056.72858727647,0.0,0.0
156,2019-10-14,26766.42969,26874.33008,26749.17969,26787.35938,26787.35938,178620000,10/14/2019,-0.001090014061236015,0.01978413645998569,26725.539805714292,327.4899909206523,27380.519787555597,26070.559823872987,0.0,0.0
157,2019-10-15,26811.19922,27120.10938,26811.19922,27024.80078,27024.80078,245510000,10/15/2019,0.008863934538365823,0.02864807099835151,26723.062685238103,324.88645420057617,27372.835593639255,26073.28977683695,0.0,0.0
158,2019-10-16,26972.31055,27058.339839999997,26943.289060000003,27001.98047,27001.98047,214660000,10/16/2019,-0.0008444210259226485,0.027803649972428863,26717.880765714282,319.21110294743664,27356.302971609155,26079.45855981941,0.0,0.0
159,2019-10-17,27032.38086,27112.160160000003,26970.289060000003,27025.88086,27025.88086,222540000,10/17/2019,0.000885134704343504,0.028688784676772366,26712.109374285716,312.0790832029283,27336.267540691573,26087.951207879858,0.0,0.0
160,2019-10-18,27004.49023,27018.25,26770.13086,26770.19922,26770.19922,288970000,10/18/2019,-0.00946062188775602,0.019228162789016345,26696.652715238095,299.9817242170868,27296.616163672268,26096.68926680392,0.0,0.0
161,2019-10-21,26852.66992,26852.66992,26747.61914,26827.64063,26827.64063,241030000,10/21/2019,0.002145722171431905,0.02137388496044825,26691.53701619048,296.6096764853672,27284.756369161212,26098.317663219746,0.0,0.0
162,2019-10-22,26850.429689999997,26946.64063,26782.60938,26788.09961,26788.09961,265510000,10/22/2019,-0.0014738910717248775,0.019899993888723374,26683.827939047624,291.618264792481,27267.064468632587,26100.59140946266,0.0,0.0
163,2019-10-23,26835.24023,26896.89063,26745.0,26833.94922,26833.94922,247680000,10/23/2019,0.0017115663547436497,0.021611560243467023,26685.074590952376,292.2299172978463,27269.534425548067,26100.614756356685,0.0,0.0
164,2019-10-24,26893.929689999997,26931.7793,26714.33984,26805.5293,26805.5293,253590000,10/24/2019,-0.0010591031445650277,0.020552457098901994,26677.208798571428,286.320486503082,27249.849771577592,26104.567825565264,0.0,0.0
165,2019-10-25,26789.60938,27015.36914,26765.67969,26958.06055,26958.06055,274610000,10/25/2019,0.0056902905476296645,0.02624274764653166,26680.39648476191,289.17945152875325,27258.755387819416,26102.037581704404,0.0,0.0
166,2019-10-28,27040.33008,27167.88086,27028.710939999997,27090.7207,27090.7207,290770000,10/28/2019,0.004920982715130942,0.0311637303616626,26693.27604190476,301.48121971190847,27296.238481328575,26090.313602480943,0.0,0.0
167,2019-10-29,27061.070310000003,27165.93945,27039.75977,27071.460939999997,27071.460939999997,269610000,10/29/2019,-0.0007109356821210172,0.03045279467954158,26700.639416190475,309.0086828132759,27318.656781817026,26082.622050563925,0.0,0.0
168,2019-10-30,27110.710939999997,27204.35938,26999.64063,27186.68945,27186.68945,231750000,10/30/2019,0.004256457021488124,0.0347092517010297,26729.860863333328,324.9429452312082,27379.746753795745,26079.97497287091,0.0,0.0
169,2019-10-31,27188.36914,27188.36914,26918.289060000003,27046.23047,27046.23047,270910000,10/31/2019,-0.005166461339779016,0.02954279036125069,26775.93759333333,295.22431581134526,27366.38622495602,26185.48896171064,0.0,0.0
170,2019-11-01,27142.94922,27347.429689999997,27142.94922,27347.35938,27347.35938,270870000,11/01/2019,0.011133858758395883,0.04067664911964657,26830.5242752381,289.53312806181975,27409.590531361737,26251.45801911446,0.0,0.0
171,2019-11-04,27402.06055,27517.58008,27402.06055,27462.10938,27462.10938,273030000,11/04/2019,0.004196017553487096,0.044872666673133665,26872.82849809524,314.00300321054254,27500.834504516326,26244.822491674156,0.0,0.0
172,2019-11-05,27500.23047,27560.35938,27453.55078,27492.63086,27492.63086,286350000,11/05/2019,0.001111403336781824,0.04598407000991549,26921.143323333334,327.9647692927973,27577.07286191893,26265.21378474774,0.0,0.0
173,2019-11-06,27502.74023,27526.05078,27407.81055,27492.56055,27492.56055,237910000,11/06/2019,-2.557412579422806e-06,0.045981512597336065,26984.406251428572,301.70204008463537,27587.810331597844,26381.0021712593,0.0,0.0
174,2019-11-07,27590.160160000003,27774.66992,27590.160160000003,27674.80078,27674.80078,259020000,11/07/2019,0.006628710689517899,0.05261022328685396,27047.682013809525,300.4577086049632,27648.59743101945,26446.7665965996,1.0,0.0
175,2019-11-08,27686.19922,27694.94922,27578.9707,27681.24023,27681.24023,221440000,11/08/2019,0.000232682795124281,0.052842906081978246,27104.090123809525,303.0230194747412,27710.13616275901,26498.04408486004,1.0,0.0
176,2019-11-11,27580.660160000003,27714.39063,27517.66992,27691.49023,27691.49023,202350000,11/11/2019,0.00037028687713534575,0.053213192959113594,27145.752047142858,321.1223633773682,27787.996773897594,26503.507320388122,1.0,0.0
177,2019-11-12,27701.589839999997,27770.85938,27635.320310000003,27691.49023,27691.49023,213670000,11/12/2019,0.0,0.053213192959113594,27188.80589714286,331.1230882611105,27851.052073665083,26526.55972062064,1.0,0.0
178,2019-11-13,27622.039060000003,27806.40039,27587.19922,27783.589839999997,27783.589839999997,278390000,11/13/2019,0.0033259174293270776,0.05653911038844067,27224.938709523813,353.0087158330123,27930.956141189836,26518.92127785779,1.0,0.0
179,2019-11-14,27757.19922,27800.710939999997,27676.9707,27781.960939999997,27781.960939999997,303970000,11/14/2019,-5.862813298714114e-05,0.05648048225545353,27262.080636666666,369.04582912999894,28000.172294926662,26523.98897840667,1.0,0.0
180,2019-11-15,27843.539060000003,28004.89063,27843.539060000003,28004.89063,28004.89063,283720000,11/15/2019,0.008024260435807973,0.06450474269126151,27308.70014952381,398.3862367793139,28105.472623082438,26511.927675965184,1.0,0.0
181,2019-11-18,27993.2207,28040.9707,27969.24023,28036.2207,28036.2207,252320000,11/18/2019,0.0011187356670637344,0.06562347835832524,27368.986886666666,408.48564657701706,28185.9581798207,26552.01559351263,1.0,0.0
182,2019-11-19,28079.75977,28090.210939999997,27894.51953,27934.01953,27934.01953,245890000,11/19/2019,-0.0036453262047548467,0.061978152153570394,27421.671596190477,406.517363506428,28234.706323203332,26608.636869177622,1.0,0.0
183,2019-11-20,27879.55078,27897.2793,27675.2793,27821.089839999997,27821.089839999997,258140000,11/20/2019,-0.00404272968588436,0.057935422467686036,27470.86160714286,388.1002452794563,28247.06209770177,26694.661116583946,1.0,0.0
184,2019-11-21,27820.2793,27828.33008,27708.339839999997,27766.289060000003,27766.289060000003,232020000,11/21/2019,-0.0019697567678029584,0.05596566569988308,27515.25874238095,364.18832907994084,28243.635400540832,26786.882084221066,1.0,0.0
185,2019-11-22,27831.23047,27898.460939999997,27773.98047,27875.61914,27875.61914,214780000,11/22/2019,0.003937511410464156,0.05990317711034723,27566.21540142857,333.4875044453212,28233.190410319214,26899.240392537926,1.0,0.0
186,2019-11-25,27917.76953,28068.68945,27917.76953,28066.4707,28066.4707,248420000,11/25/2019,0.00684654066485437,0.0667497177752016,27618.996837142848,319.8576147115116,28258.71206656587,26979.281607719826,1.0,0.0
187,2019-11-26,28080.75,28146.01953,28042.210939999997,28121.679689999997,28121.679689999997,324050000,11/26/2019,0.001967079886535058,0.06871679766173666,27668.09012238095,313.7816982789089,28295.653518938765,27040.526725823132,1.0,0.0
188,2019-11-27,28156.4707,28174.9707,28075.23047,28164.0,28164.0,198210000,11/27/2019,0.0015048997949810158,0.07022169745671768,27720.115791904762,300.1915415922043,28320.49887508917,27119.732708720352,1.0,0.0
189,2019-11-29,28103.160160000003,28119.50977,28042.5293,28051.410160000003,28051.410160000003,120630000,11/29/2019,-0.003997650901860422,0.06622404655485725,27761.29296857143,282.12628125724285,28325.545531085914,27197.040406056945,1.0,0.0
190,2019-12-02,28109.74023,28109.839839999997,27782.34961,27783.039060000003,27783.039060000003,236610000,12/02/2019,-0.009567116179516883,0.05665693037534037,27796.37909190476,229.6967054713913,28255.772502847543,27336.985680961978,0.0,0.0
191,2019-12-03,27501.98047,27524.74023,27325.13086,27502.81055,27502.81055,275350000,12/03/2019,-0.010086315949627594,0.04657061442571278,27803.78152857143,216.63616962139452,28237.053867814222,27370.50918932864,0.0,0.0
192,2019-12-04,27634.63086,27727.44922,27612.08008,27649.7793,27649.7793,218200000,12/04/2019,0.005343772038599888,0.05191438646431267,27812.718191428583,205.41717141669014,28223.552534261962,27401.883848595204,0.0,0.0
193,2019-12-05,27736.05078,27745.19922,27562.80078,27677.789060000003,27677.789060000003,208600000,12/05/2019,0.0010130192974091646,0.052927405761721835,27821.535248571432,194.68457907520732,28210.904406721846,27432.16609042102,0.0,0.0
194,2019-12-06,27839.679689999997,28035.84961,27839.679689999997,28015.06055,28015.06055,223310000,12/06/2019,0.012185636983823285,0.06511304274554512,27846.416200952382,183.61224073677946,28213.640682425943,27479.191719478822,0.0,0.0
195,2019-12-09,27987.05078,28010.41992,27906.14063,27909.59961,27909.59961,217000000,12/09/2019,-0.0037644373394009035,0.061348605406144216,27857.597097619047,179.74761861873907,28217.092334856527,27498.10186038157,0.0,0.0
196,2019-12-10,27900.65039,27949.01953,27804.0,27881.7207,27881.7207,213250000,12/10/2019,-0.000998900392322735,0.06034970501382148,27867.143786666664,175.17853845582437,28217.500863578312,27516.786709755015,0.0,0.0
197,2019-12-11,27867.31055,27925.5,27801.80078,27911.30078,27911.30078,213510000,12/11/2019,0.0010609130016857146,0.0614106180155072,27877.61095571428,170.66711467293055,28218.945185060144,27536.276726368418,0.0,0.0
198,2019-12-12,27898.339839999997,28224.94922,27859.86914,28132.05078,28132.05078,277740000,12/12/2019,0.007908982879012922,0.06931960089452012,27898.590029523813,173.6953407495122,28245.98071102284,27551.199348024787,0.0,0.0
199,2019-12-13,28123.64063,28290.73047,28028.320310000003,28135.38086,28135.38086,250660000,12/13/2019,0.00011837316895386769,0.06943797406347399,27915.341982857146,178.9347779246322,28273.21153870641,27557.47242700788,0.0,0.0
200,2019-12-16,28191.66992,28337.49023,28191.66992,28235.89063,28235.89063,286770000,12/16/2019,0.0035723621620809497,0.07301033622555494,27936.95768238096,189.14307016465466,28315.24382271027,27558.67154205165,0.0,0.0
201,2019-12-17,28221.75,28328.63086,28220.56055,28267.160160000003,28267.160160000003,286770000,12/17/2019,0.0011074391245437898,0.07411777535009874,27949.44670761905,202.06995322170275,28353.586614062453,27545.306801175644,0.0,0.0
202,2019-12-18,28291.43945,28323.25,28239.2793,28239.2793,28239.2793,289890000,12/18/2019,-0.000986333959343327,0.0731314413907554,27959.116164761905,211.08707437012416,28381.29031350215,27536.942016021658,0.0,0.0
203,2019-12-19,28278.31055,28381.48047,28278.24023,28376.960939999997,28376.960939999997,262570000,12/19/2019,0.00487553660762153,0.07800697799837694,27980.208612857143,229.75821592932311,28439.72504471579,27520.692180998496,0.0,0.0
204,2019-12-20,28608.64063,28608.64063,28445.59961,28455.089839999997,28455.089839999997,603780000,12/20/2019,0.002753251137963462,0.0807602291363404,28010.399089047623,248.6794512874843,28507.75799162259,27513.040186472655,0.0,0.0
205,2019-12-23,28491.7793,28582.49023,28491.7793,28551.5293,28551.5293,223530000,12/23/2019,0.0033891813570883257,0.08414941049342872,28047.791481428576,268.39332868098927,28584.578138790555,27511.004824066596,0.0,0.0
206,2019-12-24,28572.570310000003,28576.80078,28503.210939999997,28515.44922,28515.44922,86150000,12/24/2019,-0.001263682922931898,0.08288572757049682,28078.25958047619,283.7486226090701,28645.75682569433,27510.762335258052,0.0,0.0
207,2019-12-26,28539.460939999997,28624.09961,28535.15039,28621.39063,28621.39063,155970000,12/26/2019,0.003715228512889726,0.08660095608338655,28104.68433904762,307.44547083410737,28719.575280715835,27489.793397379406,0.0,0.0
208,2019-12-27,28675.339839999997,28701.660160000003,28608.98047,28645.25977,28645.25977,182280000,12/27/2019,0.0008339615747035027,0.08743491765809006,28129.616723809526,329.34277017381515,28788.302264157155,27470.931183461897,0.0,0.0
209,2019-12-30,28654.75977,28664.68945,28428.98047,28462.14063,28462.14063,181600000,12/30/2019,-0.006392650702779746,0.0810422669553103,28143.81389666667,337.23066214106217,28818.275220948795,27469.352572384545,0.0,0.0
210,2019-12-31,28414.64063,28547.34961,28376.49023,28538.43945,28538.43945,193340000,12/31/2019,0.0026807126347896193,0.08372297959009993,28167.005767619044,347.1589078586313,28861.323583336307,27472.687951901782,0.0,0.0
211,2020-01-02,28638.9707,28872.80078,28627.76953,28868.80078,28868.80078,251820000,01/02/2020,0.011576012436797756,0.09529899202689769,28218.708706666665,367.37820300921015,28953.465112685084,27483.952300648245,0.0,0.0
212,2020-01-03,28553.33008,28716.31055,28500.35938,28634.88086,28634.88086,239590000,01/03/2020,-0.00810286238706727,0.08719612963983042,28272.61681666667,339.0424900080876,28950.701796682843,27594.531836650494,0.0,0.0
213,2020-01-06,28465.5,28708.01953,28418.63086,28703.38086,28703.38086,252760000,01/06/2020,0.002392187358309826,0.08958831699814025,28322.788319523814,319.6690879488689,28962.12649542155,27683.450143626076,0.0,0.0
214,2020-01-07,28639.179689999997,28685.5,28565.2793,28583.679689999997,28583.679689999997,258900000,01/07/2020,-0.0041702812147406355,0.08541803578339961,28365.92596857143,287.81320210611,28941.55237278365,27790.29956435921,0.0,0.0
215,2020-01-08,28556.14063,28866.179689999997,28522.50977,28745.089839999997,28745.089839999997,291750000,01/08/2020,0.005646933906010326,0.09106496968940994,28400.68926809524,287.40296264212566,28975.49519337949,27825.88334281099,0.0,0.0
216,2020-01-09,28851.9707,28988.00977,28844.31055,28956.90039,28956.90039,275060000,01/09/2020,0.00736858194491564,0.09843355163432559,28450.560733809518,288.78890158812914,29028.138536985774,27872.98293063326,0.0,0.0
217,2020-01-10,28977.51953,29009.070310000003,28789.09961,28823.76953,28823.76953,237830000,01/10/2020,-0.004597552162246378,0.09383599947207921,28495.420201904763,268.46104053154045,29032.342282967842,27958.498120841683,0.0,0.0
218,2020-01-13,28869.00977,28909.910160000003,28819.429689999997,28907.05078,28907.05078,249830000,01/13/2020,0.00288932541988723,0.09672532489196645,28542.836868571434,247.23022606559292,29037.29732070262,28048.37641644025,0.0,0.0
219,2020-01-14,28895.5,29054.160160000003,28872.26953,28939.66992,28939.66992,287440000,01/14/2020,0.0011284146642371131,0.09785373955620356,28581.294922857145,242.9122776871191,29067.119478231383,28095.470367482907,0.0,0.0
220,2020-01-15,28901.80078,29127.589839999997,28897.34961,29030.2207,29030.2207,260270000,01/15/2020,0.00312894999322098,0.10098268954942455,28623.90634380952,239.23754908513385,29102.38144197979,28145.431245639254,0.0,0.0
221,2020-01-16,29131.94922,29300.320310000003,29131.94922,29297.64063,29297.64063,252110000,01/16/2020,0.00921177736688719,0.11019446691631174,28674.46586761905,264.0428201699446,29202.55150795894,28146.380227279158,1.0,0.0
222,2020-01-17,29313.31055,29373.61914,29289.910160000003,29348.09961,29348.09961,321820000,01/17/2020,0.001722288174575081,0.11191675509088682,28725.93917476191,285.18565608813424,29296.31048693818,28155.567862585638,1.0,0.0
223,2020-01-21,29269.05078,29341.210939999997,29146.4707,29196.039060000003,29196.039060000003,320640000,01/21/2020,-0.005181274154738986,0.10673548093614783,28771.499163333334,279.9270684870246,29331.353300307383,28211.645026359285,1.0,0.0
224,2020-01-22,29263.63086,29320.19922,29172.25977,29186.26953,29186.26953,283440000,01/22/2020,-0.00033461833572438694,0.10640086260042345,28810.037667619046,278.6007697642258,29367.239207147497,28252.836128090596,1.0,0.0
225,2020-01-23,29111.01953,29190.4707,28966.98047,29160.089839999997,29160.089839999997,307060000,01/23/2020,-0.0008969865084366088,0.10550387609198683,28843.609096190477,276.1565212138456,29395.922138618167,28291.296053762788,1.0,0.0
226,2020-01-24,29230.39063,29288.789060000003,28843.31055,28989.73047,28989.73047,380010000,01/24/2020,-0.005842210052669656,0.09966166603931717,28864.475818571424,269.4573723762792,29403.39056332398,28325.561073818866,1.0,0.0
227,2020-01-27,28542.49023,28671.789060000003,28440.4707,28535.80078,28535.80078,337270000,01/27/2020,-0.015658292872703525,0.08400337316661365,28865.44494047619,268.172845557261,29401.790631590713,28329.09924936167,0.0,0.0
228,2020-01-28,28594.2793,28823.23047,28575.75,28722.84961,28722.84961,330140000,01/28/2020,0.006554882809915654,0.0905582559765293,28870.27632047619,264.4441563743075,29399.164633224806,28341.388007727575,0.0,0.0
229,2020-01-29,28820.5293,28944.24023,28728.18945,28734.44922,28734.44922,302290000,01/29/2020,0.0004038460722907877,0.09096210204882009,28874.523437142856,261.34766041102836,29397.218757964914,28351.828116320798,0.0,0.0
230,2020-01-30,28640.160160000003,28879.710939999997,28489.75977,28859.43945,28859.43945,326850000,01/30/2020,0.004349839074451661,0.09531194112327175,28893.442428571423,243.79329832024774,29381.02902521192,28405.855831930927,0.0,0.0
231,2020-01-31,28813.039060000003,28813.039060000003,28169.5293,28256.0293,28256.0293,403890000,01/31/2020,-0.020908588714809682,0.07440335240846208,28879.994326190474,270.6634392735118,29421.3212047375,28338.66744764345,0.0,1.0
232,2020-02-03,28319.65039,28630.39063,28319.65039,28399.81055,28399.81055,307910000,02/03/2020,0.005088515745558064,0.07949186815402014,28857.66145809524,290.2715292345258,29438.204516564292,28277.11839962619,0.0,1.0
233,2020-02-04,28696.74023,28904.88086,28696.74023,28807.63086,28807.63086,332750000,02/04/2020,0.014359965862518854,0.09385183401653899,28865.88764857143,286.0596096215208,29438.006867814474,28293.76842932839,0.0,1.0
234,2020-02-05,29048.73047,29308.89063,29000.84961,29290.84961,29290.84961,357540000,02/05/2020,0.016773984377554608,0.11062581839409359,28893.862350952386,297.85499442064065,29489.572339793667,28298.152362111105,0.0,0.0
235,2020-02-06,29388.58008,29408.05078,29246.929689999997,29379.76953,29379.76953,263700000,02/06/2020,0.0030357576234197963,0.1136615760175134,28931.771390952385,306.92551669197843,29545.622424336343,28317.920357568426,0.0,0.0
236,2020-02-07,29286.91992,29286.91992,29056.98047,29102.50977,29102.50977,252860000,02/07/2020,-0.009437097854593035,0.10422447816292035,28948.79138761905,305.9643576079883,29560.72010283503,28336.862672403073,0.0,0.0
237,2020-02-10,28995.660160000003,29278.070310000003,28995.660160000003,29276.820310000003,29276.820310000003,250510000,02/10/2020,0.005989536345064243,0.1102140145079846,28964.02566952381,314.2409290878534,29592.507527699516,28335.543811348103,0.0,0.0
238,2020-02-11,29390.710939999997,29415.39063,29210.4707,29276.339839999997,29276.339839999997,279540000,02/11/2020,-1.6411276734234943e-05,0.11019760323125036,28985.576636666665,319.6140061703656,29624.804649007398,28346.348624325932,0.0,0.0
239,2020-02-12,29406.75,29568.570310000003,29406.75,29551.41992,29551.41992,309530000,02/12/2020,0.009395986025007264,0.11959358925625763,29016.260881428574,341.8554218909542,29699.971725210482,28332.550037646666,0.0,0.0
240,2020-02-13,29436.0293,29535.40039,29345.929689999997,29423.31055,29423.31055,291150000,02/13/2020,-0.004335134160957838,0.11525845509529979,29039.29138761905,352.5611548592116,29744.413697337473,28334.169077900628,0.0,0.0
241,2020-02-14,29440.4707,29463.039060000003,29283.179689999997,29398.08008,29398.08008,231000000,02/14/2020,-0.0008574993611654827,0.11440095573413431,29056.808500952382,361.1225949916165,29779.053690935616,28334.563310969148,0.0,0.0
242,2020-02-18,29282.7793,29330.160160000003,29116.81055,29232.18945,29232.18945,256600000,02/18/2020,-0.0056429069363905906,0.10875804879774371,29053.691778095235,359.2175484290879,29772.12687495341,28335.25668123706,0.0,0.0
243,2020-02-19,29312.69922,29409.089839999997,29274.38086,29348.0293,29348.0293,240640000,02/19/2020,0.0039627497009122135,0.11272079849865593,29053.688430000002,359.2146675086396,29772.11776501728,28335.259094982724,0.0,0.0
244,2020-02-20,29296.25,29368.44922,28959.65039,29219.98047,29219.98047,287780000,02/20/2020,-0.004363115107016734,0.1083576833916392,29054.82849714285,359.7266735285221,29774.281844199897,28335.375150085805,0.0,0.0
245,2020-02-21,29146.5293,29146.5293,28892.69922,28992.410160000003,28992.410160000003,311210000,02/21/2020,-0.007788174609960495,0.10056950878167871,29045.597098571427,358.6708312324664,29762.93876103636,28328.255436106494,0.0,0.0
246,2020-02-24,28402.929689999997,28402.929689999997,27912.43945,27960.80078,27960.80078,452580000,02/24/2020,-0.03558204972635506,0.06498745905532366,28988.488095714285,428.2569068988836,29845.00190951205,28131.97428191652,0.0,1.0
247,2020-02-25,28037.65039,28149.19922,26997.61914,27081.35938,27081.35938,513270000,02/25/2020,-0.03145265426836605,0.03353480478695761,28897.613281904763,597.1513666339927,30091.91601517275,27703.31054863678,0.0,1.0
248,2020-02-26,27159.460939999997,27542.7793,26890.9707,26957.589839999997,26957.589839999997,472450000,02/26/2020,-0.004570285348800123,0.02896451943815749,28822.460380000008,729.5879189687658,30281.63621793754,27363.284542062476,0.0,1.0
249,2020-02-27,26526.0,26775.31055,25752.82031,25766.64063,25766.64063,664980000,02/27/2020,-0.04417862342548333,-0.015214103987325839,28681.68852380953,988.8865365574554,30659.46159692444,26703.91545069462,0.0,1.0
250,2020-02-28,25270.83008,25494.24023,24681.00977,25409.35938,25409.35938,915990000,02/28/2020,-0.013866039237727359,-0.029080143225053198,28523.350912380953,1219.3604716203417,30962.071855621638,26084.629969140267,0.0,1.0
251,2020-03-02,25590.50977,26706.16992,25391.96094,26703.32031,26703.32031,637199851,03/02/2020,0.05092457903596298,0.021844435810909783,28420.678572380955,1278.9640590349934,30978.606690450943,25862.750454310968,0.0,1.0
