open,high,low,close,volume,datetime
27.7,28.01,27.66,28,27870,1584961200000
27.99,27.99,27.99,27.99,300,1584961260000
27.95,28,27.95,28,2973,1584961320000
28,28,27.98,27.98,3256,1584961380000
27.95,27.97,27.95,27.97,300,1584961440000
27.94,27.94,27.94,27.94,168,1584961500000
27.86,27.86,27.86,27.86,300,1584961560000
27.86,27.86,27.85,27.85,1700,1584961620000
27.84,27.84,27.8,27.8,250,1584961680000
27.8,27.8,27.8,27.8,200,1584961740000
27.79,27.8,27.79,27.8,1415,1584961800000
27.8,27.8,27.8,27.8,1982,1584961980000
27.8,27.8,27.8,27.8,998,1584962040000
27.79,27.84,27.79,27.8,549,1584962220000
27.77,27.77,27.76,27.76,950,1584962280000
27.75,27.75,27.75,27.75,990,1584962340000
27.75,27.75,27.75,27.75,1953,1584962400000
27.7,27.75,27.7,27.7,400,1584962460000
27.74,27.74,27.74,27.74,500,1584962520000
27.8,27.8,27.8,27.8,356,1584963000000
27.81,27.81,27.81,27.81,309,1584963060000
27.78,27.78,27.75,27.75,200,1584963120000
27.7,27.7,27.6,27.7,810,1584963180000
27.69,27.69,27.69,27.69,100,1584963240000
27.69,27.69,27.69,27.69,250,1584963300000
27.65,27.65,27.65,27.65,700,1584963360000
27.61,27.69,27.61,27.69,1094,1584963420000
27.62,27.62,27.62,27.62,531,1584963480000
27.61,27.61,27.6,27.6,561,1584963540000
27.6,27.6,27.6,27.6,300,1584963660000
27.6,27.65,27.6,27.65,6698,1584963720000
27.6,27.6,27.6,27.6,100,1584963780000
27.57,27.57,27.51,27.51,3954,1584963840000
27.51,27.52,27.5,27.52,3259,1584963900000
27.46,27.46,27.4,27.41,3310,1584963960000
27.38,27.38,27.35,27.35,2336,1584964080000
27.37,27.37,27.25,27.25,5680,1584964140000
27.21,27.21,27.15,27.15,2464,1584964200000
27.15,27.15,27.03,27.07,9134,1584964260000
27.07,27.1,27.01,27.08,11995,1584964320000
27.09,27.1,27.08,27.08,132275,1584964380000
27.19,27.21,27.09,27.21,30674,1584964560000
27.25,27.25,27.25,27.25,1000,1584964620000
27.21,27.21,27.21,27.21,100,1584964680000
27.25,27.25,27.25,27.25,750,1584964740000
27.21,27.3,27.21,27.3,4791,1584964800000
27.3,27.7,27.3,27.7,3922,1584964860000
27.7,27.75,27.7,27.7,1150,1584964920000
27.55,27.6,27.5,27.6,3983,1584964980000
27.6,27.68,27.6,27.68,3450,1584965040000
27.68,27.75,27.68,27.75,1070,1584965100000
27.68,27.75,27.6,27.6,6994,1584965160000
27.63,27.63,27.41,27.41,8349,1584965220000
27.4,27.4,27.39,27.39,200,1584965280000
27.3,27.49,27.3,27.49,5100,1584965340000
27.49,27.65,27.49,27.6,4712,1584965400000
27.68,28,27.68,28,14245,1584965460000
28,28.2,28,28,28699,1584965520000
27.99,28.18,27.85,27.85,10400,1584965580000
27.85,27.98,27.85,27.85,1392,1584965640000
27.85,27.85,27.8,27.85,3274,1584965700000
27.7,27.85,27.7,27.85,1190,1584965760000
27.85,27.97,27.85,27.97,4111,1584965820000
28,28.25,28,28.17,5004,1584965880000
28.01,28.15,28.01,28.08,3044,1584965940000
28.01,28.15,28,28,4251,1584966000000
28.03,28.15,28.03,28.15,6620,1584966060000
28.14,28.25,28.14,28.25,4343,1584966120000
28.26,28.3,28.25,28.26,5109,1584966180000
28.3,28.32,28.26,28.32,6699,1584966240000
28.29,28.29,28.15,28.15,4989,1584966300000
28.15,28.25,28.1,28.16,5167,1584966360000
28.2,28.2,28.1,28.1,11299,1584966420000
28.01,28.01,28,28,6222,1584966480000
28,28,27.91,28,940,1584966540000
28,28.01,27.91,27.91,12350,1584966600000
27.86,27.86,27.7,27.8,20307,1584966660000
27.82,27.83,27.5,27.51,11773,1584966720000
27.5,27.6,27.5,27.6,3006,1584966780000
27.65,27.69,27.65,27.69,1103,1584966840000
27.68,27.8,27.68,27.8,2036,1584966900000
27.8,27.8,27.76,27.78,3947,1584966960000
27.76,27.79,27.59,27.76,51743,1584967020000
27.6,27.62,27.55,27.62,1226,1584967080000
27.63,27.68,27.62,27.65,13097,1584967140000
27.66,27.7,27.66,27.7,3800,1584967200000
27.72,27.88,27.7,27.88,5486,1584967260000
27.86,27.86,27.6,27.66,4102,1584967320000
27.78,27.78,27.7,27.7,700,1584967380000
27.66,27.72,27.66,27.71,3687,1584967440000
27.67,27.74,27.66,27.66,2232,1584967500000
27.66,27.79,27.66,27.7,3141,1584967560000
27.7,27.7,27.6,27.6,24966,1584967620000
27.69,27.69,27.55,27.6,6380,1584967680000
27.61,27.61,27.5,27.5,32100,1584967740000
27.5,27.51,27.45,27.51,6875,1584967800000
27.57,27.6,27.5,27.56,13108,1584967860000
27.58,27.58,27.5,27.57,9761,1584967920000
27.54,27.58,27.54,27.58,7980,1584967980000
27.58,27.58,27.55,27.55,3724,1584968040000
27.59,27.6,27.56,27.6,2515,1584968100000
27.6,27.6,27.55,27.55,1325,1584968160000
27.55,27.69,27.53,27.66,7808,1584968220000
27.66,27.75,27.66,27.69,1668,1584968280000
27.69,27.69,27.65,27.65,6763,1584968340000
27.66,27.66,27.53,27.53,5950,1584968400000
27.55,27.64,27.51,27.54,4186,1584968460000
27.6399,27.7,27.55,27.7,7350,1584968520000
27.75,27.75,27.53,27.6,26433,1584968580000
27.65,27.8,27.65,27.79,12596,1584968640000
27.79,27.86,27.75,27.8,8568,1584968700000
27.78,27.79,27.7,27.7,3895,1584968760000
27.7,27.8,27.64,27.8,2245,1584968820000
27.79,27.8,27.75,27.78,2600,1584968880000
27.75,27.8,27.6,27.6,6970,1584968940000
27.6,27.64,27.55,27.56,6323,1584969000000
27.58,27.6,27.53,27.57,11397,1584969060000
27.57,27.6,27.43,27.51,23990,1584969120000
27.55,27.64,27.55,27.64,1993,1584969180000
27.6,27.6,27.45,27.45,11300,1584969240000
27.52,27.58,27.47,27.47,2055,1584969300000
27.48,27.5,27.43,27.45,8785,1584969360000
27.45,27.45,27.35,27.4,12883,1584969420000
27.4,27.55,27.4,27.5,12837,1584969480000
27.5,27.54,27.49,27.49,33805,1584969540000
27.45,27.49,27.4,27.43,3442,1584969600000
27.43,27.5,27.28,27.45,19585,1584969660000
27.37,27.4,27.32,27.35,3333,1584969720000
27.35,27.56,27.3,27.53,10999,1584969780000
27.5,27.55,27.45,27.53,6653,1584969840000
27.52,27.58,27.5,27.54,1683,1584969900000
27.53,27.58,27.53,27.56,3151,1584969960000
27.53,27.58,27.4,27.4,6691,1584970020000
27.47,27.56,27.31,27.33,20441,1584970080000
27.33,27.33,27.13,27.19,16960,1584970140000
27.39,27.4,27.01,27.02,3135322,1584970200000
27.07,27.5,27.02,27.272,404040,1584970260000
27.24,27.2785,27.01,27.12,464915,1584970320000
27.14,27.4664,27.12,27.25,389806,1584970380000
27.26,27.48,27.11,27.1408,249260,1584970440000
27.14,27.3,26.88,26.95,676448,1584970500000
26.945,27.36,26.94,27.11,473381,1584970560000
27.103,27.21,26.86,26.92,531036,1584970620000
26.92,26.97,26.68,26.7,466865,1584970680000
26.7,26.767,26.59,26.63,743647,1584970740000
26.63,26.82,26.52,26.63,402610,1584970800000
26.63,26.71,26.28,26.4794,635202,1584970860000
26.4822,26.65,26.3,26.33,419324,1584970920000
26.3276,26.65,26.2788,26.63,499711,1584970980000
26.615,26.64,26.43,26.61,306042,1584971040000
26.605,26.615,26.45,26.58,274211,1584971100000
26.6,26.72,26.5255,26.59,236047,1584971160000
26.59,26.78,26.57,26.78,232011,1584971220000
26.775,26.93,26.74,26.85,276765,1584971280000
26.85,26.94,26.751,26.8024,291902,1584971340000
26.8,26.82,26.68,26.7449,337940,1584971400000
26.74,26.84,26.695,26.8,352149,1584971460000
26.79,26.81,26.61,26.62,244830,1584971520000
26.61,26.9,26.6,26.88,292303,1584971580000
26.87,26.965,26.83,26.88,297465,1584971640000
26.889,27.11,26.88,27,348888,1584971700000
27,27.03,26.89,26.98,232779,1584971760000
26.99,27.09,26.98,27.065,193021,1584971820000
27.07,27.225,27.05,27.22,285114,1584971880000
27.23,27.54,27.22,27.49,504905,1584971940000
27.49,27.55,27.39,27.45,360712,1584972000000
27.46,27.47,27.34,27.365,281903,1584972060000
27.36,27.43,27.24,27.39,314208,1584972120000
27.39,27.46,27.33,27.33,205596,1584972180000
27.34,27.459,27.34,27.43,159848,1584972240000
27.43,27.58,27.43,27.5,228847,1584972300000
27.51,27.54,27.45,27.5,219361,1584972360000
27.5,27.55,27.48,27.54,133161,1584972420000
27.5401,27.58,27.5,27.547,233955,1584972480000
27.55,27.65,27.55,27.6,136418,1584972540000
27.61,27.69,27.6,27.63,157371,1584972600000
27.625,27.69,27.57,27.66,190830,1584972660000
27.66,27.71,27.6099,27.6283,210939,1584972720000
27.635,27.68,27.57,27.65,203536,1584972780000
27.65,27.68,27.56,27.585,208177,1584972840000
27.59,27.635,27.42,27.465,278990,1584972900000
27.47,27.6,27.47,27.54,235111,1584972960000
27.53,27.56,27.45,27.46,149519,1584973020000
27.47,27.5,27.32,27.34,158705,1584973080000
27.33,27.35,27.26,27.264,147023,1584973140000
27.26,27.34,26.94,27.19,460038,1584973200000
27.184,27.228,27.05,27.16,165027,1584973260000
27.15,27.211,27.095,27.12,139893,1584973320000
27.12,27.25,27.11,27.17,121095,1584973380000
27.175,27.19,27.06,27.09,151350,1584973440000
27.095,27.17,27.08,27.137,133458,1584973500000
27.135,27.135,27.01,27.095,213357,1584973560000
27.1,27.175,27.08,27.175,190366,1584973620000
27.17,27.2376,27.1305,27.18,139668,1584973680000
27.18,27.195,27.08,27.1,170301,1584973740000
27.11,27.11,26.93,27.035,362998,1584973800000
27.04,27.13,26.96,27.09,193177,1584973860000
27.09,27.17,26.99,26.99,246946,1584973920000
26.98,27.01,26.9,26.965,151401,1584973980000
26.9688,26.99,26.88,26.985,173246,1584974040000
26.98,27,26.93,26.9893,131815,1584974100000
26.9854,27.0299,26.92,26.925,194405,1584974160000
26.93,26.9398,26.89,26.905,169218,1584974220000
26.909,26.96,26.9,26.91,189610,1584974280000
26.91,27.0052,26.9,26.975,146404,1584974340000
26.97,27.09,26.96,26.975,126012,1584974400000
26.9739,27.04,26.92,27.02,227148,1584974460000
27.02,27.14,27.02,27.125,268936,1584974520000
27.12,27.16,27.1,27.12,226401,1584974580000
27.12,27.13,27.01,27.0197,311664,1584974640000
27.02,27.025,26.91,26.915,263401,1584974700000
26.92,26.98,26.83,26.84,191100,1584974760000
26.83,26.84,26.76,26.8099,173894,1584974820000
26.8002,26.915,26.8002,26.8649,169648,1584974880000
26.865,26.89,26.76,26.815,169763,1584974940000
26.82,26.84,26.78,26.82,149350,1584975000000
26.82,26.92,26.77,26.785,141063,1584975060000
26.785,26.87,26.77,26.83,113843,1584975120000
26.825,26.91,26.8127,26.8127,169987,1584975180000
26.81,26.85,26.76,26.83,242191,1584975240000
26.83,26.83,26.71,26.79,363232,1584975300000
26.79,26.819,26.73,26.74,150024,1584975360000
26.745,26.75,26.64,26.64,151827,1584975420000
26.64,26.65,26.58,26.6,215249,1584975480000
26.6,26.66,26.57,26.6061,201837,1584975540000
26.61,26.67,26.6,26.64,153248,1584975600000
26.64,26.685,26.6,26.6008,129217,1584975660000
26.6062,26.62,26.53,26.6198,157214,1584975720000
26.6154,26.6715,26.56,26.6249,115345,1584975780000
26.625,26.7,26.6001,26.69,135333,1584975840000
26.7,26.7,26.61,26.66,154345,1584975900000
26.655,26.725,26.63,26.64,131528,1584975960000
26.64,26.73,26.62,26.64,114561,1584976020000
26.64,26.72,26.63,26.67,186180,1584976080000
26.665,26.73,26.6633,26.7,100731,1584976140000
26.7,26.885,26.7,26.855,180833,1584976200000
26.85,26.85,26.72,26.755,125564,1584976260000
26.74,26.825,26.74,26.755,122054,1584976320000
26.755,26.7852,26.71,26.72,110530,1584976380000
26.72,26.79,26.68,26.725,176978,1584976440000
26.725,26.7554,26.66,26.699,157908,1584976500000
26.695,26.72,26.66,26.68,228803,1584976560000
26.69,26.71,26.65,26.7,169599,1584976620000
26.7,26.75,26.65,26.6791,163088,1584976680000
26.67,26.6876,26.61,26.65,119234,1584976740000
26.65,26.66,26.59,26.65,135117,1584976800000
26.655,26.66,26.58,26.585,107776,1584976860000
26.585,26.64,26.58,26.61,121498,1584976920000
26.62,26.72,26.565,26.65,243683,1584976980000
26.6477,26.66,26.56,26.6,150924,1584977040000
26.5986,26.649,26.59,26.625,152292,1584977100000
26.62,26.66,26.61,26.62,168565,1584977160000
26.625,26.745,26.61,26.69,173401,1584977220000
26.69,26.715,26.6619,26.67,156640,1584977280000
26.66,26.675,26.56,26.59,148440,1584977340000
26.59,26.615,26.52,26.521,184145,1584977400000
26.5285,26.5949,26.52,26.55,181162,1584977460000
26.5451,26.59,26.545,26.55,221180,1584977520000
26.55,26.575,26.54,26.54,167660,1584977580000
26.545,26.55,26.46,26.4665,409142,1584977640000
26.46,26.4649,26.41,26.41,182312,1584977700000
26.4161,26.43,26.37,26.42,225974,1584977760000
26.415,26.49,26.4115,26.49,200093,1584977820000
26.5,26.5,26.41,26.41,150618,1584977880000
26.42,26.42,26.29,26.31,334847,1584977940000
26.3137,26.38,26.28,26.315,267012,1584978000000
26.32,26.33,26.22,26.2661,332512,1584978060000
26.2698,26.3,26.21,26.2499,246340,1584978120000
26.25,26.3,26.2,26.22,279965,1584978180000
26.225,26.26,26.21,26.25,252914,1584978240000
26.25,26.275,26.14,26.1601,239086,1584978300000
26.165,26.205,26.16,26.18,150818,1584978360000
26.18,26.24,26.16,26.175,263621,1584978420000
26.18,26.19,26.08,26.1727,213408,1584978480000
26.18,26.2,26.14,26.1687,169544,1584978540000
26.1649,26.18,26.105,26.1601,241714,1584978600000
26.1633,26.25,26.1401,26.225,422270,1584978660000
26.22,26.32,26.2,26.3,256591,1584978720000
26.3,26.335,26.24,26.28,188553,1584978780000
26.28,26.33,26.2,26.22,164153,1584978840000
26.2249,26.23,26.1349,26.2,177024,1584978900000
26.2,26.235,26.13,26.23,252749,1584978960000
26.23,26.3,26.22,26.233,186535,1584979020000
26.24,26.34,26.23,26.335,189440,1584979080000
26.34,26.34,26.2599,26.28,141159,1584979140000
26.28,26.31,26.27,26.305,116825,1584979200000
26.295,26.42,26.295,26.4,208810,1584979260000
26.405,26.49,26.38,26.465,142790,1584979320000
26.465,26.525,26.46,26.51,137968,1584979380000
26.52,26.55,26.46,26.49,203828,1584979440000
26.49,26.56,26.485,26.56,181008,1584979500000
26.56,26.59,26.47,26.515,196055,1584979560000
26.51,26.59,26.51,26.515,214708,1584979620000
26.52,26.54,26.49,26.51,134480,1584979680000
26.505,26.52,26.47,26.47,141332,1584979740000
26.47,26.48,26.37,26.4685,110268,1584979800000
26.465,26.52,26.43,26.46,175844,1584979860000
26.45,26.45,26.37,26.4,93875,1584979920000
26.3959,26.46,26.38,26.44,117394,1584979980000
26.445,26.5,26.43,26.47,105832,1584980040000
26.49,26.54,26.425,26.515,131294,1584980100000
26.52,26.575,26.5,26.52,117274,1584980160000
26.52,26.64,26.49,26.63,130753,1584980220000
26.6282,26.79,26.62,26.79,379462,1584980280000
26.795,26.83,26.68,26.797,286015,1584980340000
26.8,26.85,26.71,26.745,389453,1584980400000
26.75,26.88,26.71,26.75,257845,1584980460000
26.75,26.9025,26.73,26.87,348978,1584980520000
26.87,26.8851,26.8,26.837,150910,1584980580000
26.85,26.93,26.84,26.88,254641,1584980640000
26.9,26.9254,26.86,26.89,209896,1584980700000
26.89,26.93,26.84,26.85,162778,1584980760000
26.845,26.88,26.72,26.74,332272,1584980820000
26.75,26.75,26.65,26.675,268255,1584980880000
26.67,26.685,26.61,26.685,149392,1584980940000
26.68,26.69,26.455,26.49,374766,1584981000000
26.49,26.545,26.45,26.455,171652,1584981060000
26.455,26.5195,26.415,26.48,220224,1584981120000
26.475,26.51,26.38,26.385,234253,1584981180000
26.385,26.47,26.37,26.47,138727,1584981240000
26.46,26.5389,26.325,26.33,218092,1584981300000
26.3263,26.34,26.225,26.3,368930,1584981360000
26.295,26.31,26.26,26.275,381669,1584981420000
26.28,26.32,26.23,26.3155,148362,1584981480000
26.32,26.38,26.3,26.33,170716,1584981540000
26.34,26.53,26.33,26.52,149072,1584981600000
26.53,26.57,26.49,26.52,165353,1584981660000
26.525,26.7,26.4333,26.69,150000,1584981720000
26.68,26.75,26.65,26.73,195985,1584981780000
26.73,26.8,26.5797,26.669,292885,1584981840000
26.6601,26.73,26.56,26.73,148757,1584981900000
26.73,26.76,26.6089,26.73,128863,1584981960000
26.735,26.75,26.67,26.73,137686,1584982020000
26.72,26.81,26.72,26.785,199786,1584982080000
26.795,26.92,26.795,26.89,190801,1584982140000
26.905,26.935,26.83,26.92,166085,1584982200000
26.92,26.98,26.86,26.9244,143720,1584982260000
26.92,26.95,26.77,26.82,173716,1584982320000
26.82,26.87,26.79,26.85,214955,1584982380000
26.85,26.9501,26.82,26.925,130077,1584982440000
26.93,27,26.91,27,103390,1584982500000
26.995,27.13,26.99,27.13,264071,1584982560000
27.13,27.135,26.9701,27.03,189279,1584982620000
27.03,27.05,26.97,26.97,172948,1584982680000
26.973,27.01,26.95,26.967,126194,1584982740000
26.97,26.98,26.89,26.96,151786,1584982800000
26.9597,26.99,26.8905,26.9399,122002,1584982860000
26.931,26.96,26.9,26.945,89185,1584982920000
26.94,26.97,26.9246,26.94,108597,1584982980000
26.94,26.96,26.84,26.85,139210,1584983040000
26.8401,26.9599,26.8401,26.9378,110248,1584983100000
26.93,27.05,26.915,27.04,115807,1584983160000
27.05,27.095,27.01,27.06,111314,1584983220000
27.06,27.08,26.98,26.99,147392,1584983280000
27,27.08,26.98,27.05,202299,1584983340000
27.0573,27.13,27.04,27.13,135912,1584983400000
27.14,27.5,27.13,27.345,303038,1584983460000
27.35,27.5,27.34,27.455,328625,1584983520000
27.455,27.49,27.33,27.435,181285,1584983580000
27.4379,27.6,27.37,27.44,278619,1584983640000
27.45,27.49,27.22,27.25,209777,1584983700000
27.25,27.34,27.23,27.29,118101,1584983760000
27.293,27.33,27.18,27.2699,165736,1584983820000
27.2749,27.32,27.2,27.2958,178289,1584983880000
27.3,27.385,27.28,27.36,200336,1584983940000
27.357,27.357,27.27,27.3,120260,1584984000000
27.295,27.39,27.28,27.3761,127509,1584984060000
27.37,27.44,27.235,27.24,146403,1584984120000
27.235,27.28,27.16,27.2,186995,1584984180000
27.2,27.27,27.19,27.27,125370,1584984240000
27.27,27.3663,27.23,27.35,134601,1584984300000
27.34,27.4,27.27,27.3,92945,1584984360000
27.3,27.33,27.23,27.24,90885,1584984420000
27.23,27.3,27.21,27.255,112604,1584984480000
27.25,27.27,27.1,27.13,159523,1584984540000
27.12,27.12,26.95,27.07,229919,1584984600000
27.06,27.08,27.01,27.03,136664,1584984660000
27.04,27.135,27,27.12,150095,1584984720000
27.11,27.115,27.02,27.045,136340,1584984780000
27.045,27.17,27.04,27.162,97244,1584984840000
27.16,27.16,27.0093,27.05,132459,1584984900000
27.06,27.07,26.945,26.9501,109450,1584984960000
26.95,26.98,26.8,26.8,169530,1584985020000
26.81,26.82,26.7,26.755,188476,1584985080000
26.7529,26.85,26.73,26.8307,129680,1584985140000
26.835,26.985,26.835,26.959,141789,1584985200000
26.97,26.975,26.9,26.96,135273,1584985260000
26.955,27.05,26.9,26.9268,130335,1584985320000
26.92,26.92,26.69,26.7,204347,1584985380000
26.69,26.79,26.67,26.76,148684,1584985440000
26.77,26.89,26.761,26.8716,115609,1584985500000
26.8762,26.93,26.795,26.88,78756,1584985560000
26.87,26.95,26.85,26.89,60435,1584985620000
26.89,26.91,26.845,26.9,164980,1584985680000
26.91,27.11,26.9,27.0341,137303,1584985740000
27.03,27.0751,27,27.0168,63863,1584985800000
27.01,27.0557,26.89,27.0427,66106,1584985860000
27.06,27.115,27,27.0565,79027,1584985920000
27.055,27.06,26.87,26.87,96711,1584985980000
26.87,26.95,26.85,26.875,132346,1584986040000
26.87,26.88,26.705,26.72,154336,1584986100000
26.71,26.74,26.57,26.59,233102,1584986160000
26.6,26.67,26.46,26.63,299608,1584986220000
26.619,26.6927,26.47,26.67,157738,1584986280000
26.66,26.665,26.55,26.6525,78332,1584986340000
26.66,26.7,26.51,26.54,111646,1584986400000
26.54,26.62,26.48,26.5,100912,1584986460000
26.51,26.534,26.445,26.45,119886,1584986520000
26.45,26.48,26.37,26.375,101460,1584986580000
26.375,26.54,26.37,26.46,92426,1584986640000
26.45,26.56,26.43,26.55,98998,1584986700000
26.54,26.665,26.53,26.59,100202,1584986760000
26.6,26.605,26.4624,26.5,100419,1584986820000
26.5,26.54,26.42,26.455,110342,1584986880000
26.46,26.46,26.3,26.305,175001,1584986940000
26.31,26.42,26.3,26.39,172239,1584987000000
26.39,26.4299,26.33,26.36,115490,1584987060000
26.36,26.44,26.31,26.31,128115,1584987120000
26.32,26.3801,26.3,26.36,91894,1584987180000
26.365,26.37,26.3,26.31,343718,1584987240000
26.3109,26.36,26.31,26.3299,157419,1584987300000
26.33,26.435,26.315,26.3328,151663,1584987360000
26.335,26.38,26.32,26.36,112195,1584987420000
26.365,26.52,26.325,26.41,407786,1584987480000
26.41,26.49,26.34,26.3599,118363,1584987540000
26.34,26.41,26.305,26.3199,137378,1584987600000
26.31,26.36,26.26,26.28,218061,1584987660000
26.2936,26.38,26.2918,26.33,98999,1584987720000
26.33,26.4,26.295,26.399,71233,1584987780000
26.395,26.43,26.36,26.4062,76448,1584987840000
26.4,26.45,26.3729,26.425,104614,1584987900000
26.42,26.42,26.33,26.33,90611,1584987960000
26.34,26.55,26.315,26.52,124520,1584988020000
26.53,26.66,26.46,26.65,150152,1584988080000
26.65,26.655,26.495,26.6086,104027,1584988140000
26.61,26.63,26.47,26.49,120910,1584988200000
26.47,26.55,26.45,26.475,80767,1584988260000
26.47,26.62,26.44,26.51,268104,1584988320000
26.52,26.57,26.49,26.57,144783,1584988380000
26.57,26.585,26.44,26.4623,148742,1584988440000
26.47,26.51,26.31,26.33,254995,1584988500000
26.32,26.38,26.25,26.255,303431,1584988560000
26.26,26.42,26.23,26.4,172294,1584988620000
26.4093,26.57,26.3999,26.435,140503,1584988680000
26.43,26.45,26.35,26.39,104917,1584988740000
26.4,26.515,26.39,26.44,209957,1584988800000
26.435,26.45,26.37,26.4046,76507,1584988860000
26.4,26.53,26.37,26.49,112920,1584988920000
26.49,26.585,26.47,26.585,97491,1584988980000
26.58,26.6,26.52,26.57,115968,1584989040000
26.56,26.57,26.46,26.48,140451,1584989100000
26.47,26.48,26.405,26.4074,88726,1584989160000
26.41,26.46,26.355,26.405,164413,1584989220000
26.405,26.52,26.405,26.505,114832,1584989280000
26.51,26.7401,26.51,26.675,146626,1584989340000
26.6734,26.6734,26.52,26.52,115485,1584989400000
26.5199,26.55,26.43,26.4699,133823,1584989460000
26.47,26.4704,26.42,26.43,108451,1584989520000
26.435,26.46,26.35,26.41,175905,1584989580000
26.42,26.45,26.3499,26.39,103218,1584989640000
26.3858,26.42,26.35,26.3999,91403,1584989700000
26.39,26.45,26.3401,26.38,127765,1584989760000
26.38,26.39,26.33,26.34,91461,1584989820000
26.33,26.37,26.31,26.35,117171,1584989880000
26.345,26.37,26.3201,26.35,125706,1584989940000
26.3651,26.39,26.27,26.29,159617,1584990000000
26.28,26.38,26.26,26.373,222461,1584990060000
26.38,26.4,26.3,26.35,108613,1584990120000
26.34,26.44,26.32,26.44,126422,1584990180000
26.43,26.56,26.39,26.48,220036,1584990240000
26.48,26.49,26.33,26.415,121077,1584990300000
26.41,26.48,26.41,26.42,103084,1584990360000
26.4243,26.5299,26.36,26.3635,160680,1584990420000
26.361,26.42,26.34,26.38,80631,1584990480000
26.3776,26.405,26.22,26.235,221009,1584990540000
26.23,26.3,26.23,26.2658,147446,1584990600000
26.27,26.305,26.215,26.25,229698,1584990660000
26.25,26.27,26.21,26.24,197305,1584990720000
26.235,26.26,26.21,26.23,118905,1584990780000
26.24,26.29,26.22,26.28,109030,1584990840000
26.27,26.33,26.205,26.2904,175897,1584990900000
26.3,26.31,26.2201,26.23,142270,1584990960000
26.22,26.25,26.2,26.232,119633,1584991020000
26.23,26.28,26.2,26.24,129369,1584991080000
26.25,26.285,26.22,26.25,165489,1584991140000
26.25,26.31,26.21,26.309,191299,1584991200000
26.3,26.357,26.29,26.32,186127,1584991260000
26.31,26.31,26.235,26.255,187874,1584991320000
26.25,26.345,26.25,26.335,260591,1584991380000
26.3351,26.35,26.28,26.3317,211366,1584991440000
26.33,26.355,26.295,26.3276,143294,1584991500000
26.325,26.355,26.3,26.32,143405,1584991560000
26.31,26.47,26.3,26.45,191522,1584991620000
26.455,26.575,26.435,26.5654,288428,1584991680000
26.56,26.59,26.44,26.59,250929,1584991740000
26.58,26.665,26.58,26.66,344536,1584991800000
26.655,26.68,26.56,26.563,210936,1584991860000
26.565,26.59,26.41,26.44,204398,1584991920000
26.44,26.47,26.33,26.38,256271,1584991980000
26.39,26.67,26.385,26.655,340202,1584992040000
26.65,26.71,26.51,26.71,360562,1584992100000
26.705,26.83,26.625,26.815,317639,1584992160000
26.81,26.88,26.68,26.7467,335459,1584992220000
26.749,26.76,26.575,26.6658,212270,1584992280000
26.67,26.7,26.6,26.6201,214242,1584992340000
26.64,26.71,26.51,26.5224,234162,1584992400000
26.52,26.67,26.485,26.6675,231347,1584992460000
26.665,26.7399,26.6,26.62,243619,1584992520000
26.63,26.7,26.525,26.57,297517,1584992580000
26.57,26.69,26.54,26.58,213490,1584992640000
26.585,26.67,26.58,26.615,332665,1584992700000
26.6105,26.66,26.56,26.6341,251600,1584992760000
26.64,26.7,26.635,26.68,269831,1584992820000
26.69,26.69,26.56,26.6,309670,1584992880000
26.6,26.65,26.535,26.54,245463,1584992940000
26.55,26.84,26.55,26.754,507483,1584993000000
26.76,26.95,26.7189,26.95,407749,1584993060000
26.95,27.05,26.9401,27.035,583051,1584993120000
27.04,27.04,26.92,26.95,434667,1584993180000
26.95,27.08,26.95,27.02,557083,1584993240000
27.0125,27.09,26.94,27.085,564932,1584993300000
27.09,27.09,26.97,27.02,655927,1584993360000
27.025,27.04,26.86,26.8941,613175,1584993420000
26.8976,26.97,26.88,26.915,646375,1584993480000
26.91,26.98,26.73,26.8,1263489,1584993540000
26.58,26.71,26.58,26.71,908,1584993600000
26.77,26.77,26.77,26.77,5068208,1584993720000
26.78,26.78,26.78,26.78,300,1584993780000
26.78,26.78,26.78,26.78,100,1584993840000
26.78,26.78,26.72,26.72,995,1584993960000
26.77,26.77,26.61,26.61,227,1584994200000
26.77,26.77,26.7699,26.77,536,1584994260000
26.77,26.77,26.77,26.77,1984,1584994380000
26.77,26.77,26.77,26.77,355,1584994440000
26.61,26.61,26.61,26.61,128,1584994620000
26.95,26.95,26.95,26.95,100,1584994740000
26.78,26.78,26.78,26.78,385,1584994800000
26.9,26.9,26.9,26.9,1000,1584994920000
26.92,26.93,26.92,26.93,400,1584994980000
26.94,26.94,26.77,26.77,4419,1584995040000
26.9,26.9,26.9,26.9,487,1584995160000
26.93,26.93,26.9,26.9,1213,1584995220000
26.9,26.9,26.8,26.8,1456,1584995280000
26.8,26.9,26.8,26.8,2600,1584995340000
26.74,26.78,26.74,26.74,326,1584995400000
26.77,26.77,26.77,26.77,1511,1584995460000
26.7399,26.7399,26.7399,26.7399,100,1584995520000
26.74,26.74,26.74,26.74,242,1584995820000
26.72,26.77,26.72,26.77,105257,1584995880000
26.82,26.82,26.82,26.82,2558,1584995940000
26.9,26.9,26.9,26.9,100,1584996000000
26.94,26.94,26.94,26.94,602,1584996120000
26.95,26.95,26.95,26.95,100,1584996180000
26.99,26.99,26.99,26.99,250,1584996240000
26.96,26.96,26.96,26.96,366,1584996300000
26.95,26.95,26.95,26.95,100,1584996540000
26.95,26.95,26.95,26.95,500,1584996600000
26.95,26.95,26.95,26.95,140,1584996840000
26.95,26.95,26.95,26.95,899,1584996900000
26.95,26.95,26.95,26.95,500,1584996960000
26.77,26.77,26.77,26.77,395627,1584997020000
26.7501,26.7501,26.7501,26.7501,255,1584997080000
26.95,26.95,26.95,26.95,200,1584997200000
26.95,26.95,26.95,26.95,100,1584997260000
26.8001,26.8001,26.8001,26.8001,165,1584997320000
26.95,26.95,26.95,26.95,130,1584997440000
26.9,26.9,26.9,26.9,443,1584997500000
26.9,26.9,26.9,26.9,130,1584997560000
26.9,26.9,26.9,26.9,100,1584997680000
26.9,26.9,26.8999,26.8999,1078,1584997740000
26.9,26.9,26.9,26.9,300,1584997860000
26.9,26.9,26.9,26.9,2350,1584997980000
26.9,26.9,26.89,26.89,870,1584998040000
26.8,26.81,26.8,26.81,980,1584998160000
26.8899,26.89,26.8899,26.89,1100,1584998400000
26.89,26.89,26.89,26.89,400,1584998520000
26.89,26.89,26.89,26.89,100,1584998640000
26.89,26.89,26.89,26.89,100,1584998700000
26.89,26.89,26.89,26.89,300,1584998760000
26.89,26.89,26.89,26.89,100,1584998880000
26.8899,26.8899,26.8899,26.8899,400,1584998940000
26.89,26.89,26.89,26.89,200,1584999000000
26.8701,26.89,26.8701,26.89,1095,1584999180000
26.99,27,26.99,27,2061,1584999360000
27,27,27,27,732,1584999420000
27.05,27.05,27.05,27.05,2011,1584999480000
27.05,27.08,27.05,27.08,630,1585000020000
27.08,27.08,27.08,27.08,150,1585000080000
27.08,27.08,27.08,27.08,251,1585000140000
27.11,27.11,27.11,27.11,850,1585000200000
27.11,27.11,27.11,27.11,220,1585000320000
27.11,27.11,27.11,27.11,1998,1585000560000
27.11,27.11,27.11,27.11,3200,1585000620000
27.11,27.11,27.1,27.1,510,1585000680000
27.11,27.11,27.11,27.11,300,1585000860000
27.11,27.11,27.08,27.08,569,1585000920000
27.06,27.06,27,27,2154,1585000980000
27.1,27.1,27.1,27.1,200,1585001040000
27.1,27.1,27.1,27.1,380,1585001100000
27.09,27.1,27.09,27.1,2300,1585001160000
27.1,27.1,27.1,27.1,100,1585001220000
27.1,27.1,27.1,27.1,500,1585001340000
27.09,27.09,27.09,27.09,125,1585001400000
27.1,27.1,27.1,27.1,1611,1585001460000
27.105,27.105,27.1,27.1,430,1585001520000
27.1,27.1,27.1,27.1,100,1585001580000
27.11,27.11,27.11,27.11,1700,1585001640000
27.1,27.1,27.1,27.1,100,1585001700000
27.11,27.11,27.11,27.11,100,1585001760000
27.11,27.11,27.1099,27.1099,200,1585001820000
27.11,27.11,27.11,27.11,300,1585001940000
27.11,27.11,27.11,27.11,400,1585002000000
27.1,27.11,27.1,27.11,1124,1585002240000
27.11,27.11,27.11,27.11,100,1585002300000
27.11,27.11,27.1001,27.1001,1950,1585002360000
27.11,27.11,27.11,27.11,700,1585002420000
27.11,27.11,27.11,27.11,1000,1585002480000
27.11,27.11,27.11,27.11,880,1585002540000
27.1,27.1,27.1,27.1,535,1585002600000
27.1,27.1,27.1,27.1,100,1585002660000
27.1,27.1,27.1,27.1,600,1585002720000
27.1,27.1,27.1,27.1,507,1585002780000
27.1,27.1,27.1,27.1,2500,1585002840000
27.1,27.1,27.1,27.1,1100,1585002900000
27.0999,27.0999,27.0999,27.0999,136,1585002960000
27.1,27.1,27.1,27.1,100,1585003020000
27.1,27.1,27.1,27.1,750,1585003080000
27.09,27.1,27.09,27.1,1100,1585003200000
27.1,27.1,27.1,27.1,100,1585003260000
27.11,27.11,27.1,27.1,1200,1585003560000
27.1,27.1,27.1,27.1,480,1585003620000
27.1,27.1,27.1,27.1,549,1585003680000
27.09,27.09,27,27,1280,1585003740000
27.05,27.05,27.05,27.05,1000,1585003860000
27.05,27.05,27,27,24960,1585003920000
27,27,27,27,100,1585003980000
27.02,27.02,27.02,27.02,100,1585004280000
27.1,27.1,27.1,27.1,150,1585004400000
27.1,27.1,27.1,27.1,100,1585004460000
27.1,27.1,27.1,27.1,500,1585004520000
27.03,27.1,27.03,27.1,10300,1585004640000
27.1,27.1,27.1,27.1,400,1585004700000
27.11,27.11,27.11,27.11,400,1585004760000
27.11,27.11,27.11,27.11,104,1585004820000
27.2,27.2,27.2,27.2,100,1585004880000
27.1101,27.2,27.1101,27.2,2200,1585004940000
27.2,27.2,27.2,27.2,9990,1585005000000
27.15,27.15,27.15,27.15,500,1585005180000
27.19,27.2,27.15,27.15,1360,1585005300000
27.15,27.2,27.15,27.2,500,1585005360000
27.13,27.13,27.13,27.13,100,1585005420000
27.13,27.13,27.13,27.13,400,1585005540000
27.19,27.2,27.19,27.2,709,1585005600000
27.21,27.21,27.21,27.21,941,1585005660000
27.21,27.21,27.2,27.21,1800,1585005720000
27.21,27.21,27.2,27.2,2150,1585005780000
27.21,27.21,27.2,27.21,5308,1585005900000
27.21,27.21,27.21,27.21,1100,1585006020000
27.21,27.21,27.21,27.21,500,1585006080000
27.21,27.21,27.21,27.21,1086,1585006140000
27.28,27.28,27.28,27.28,450,1585006200000
27.3,27.3,27.3,27.3,200,1585006260000
27.21,27.21,27.2,27.2,306,1585006320000
27.2,27.2,27.2,27.2,200,1585006380000
27.2,27.21,27.2,27.21,1180,1585006440000
27.21,27.21,27.21,27.21,100,1585006560000
27.21,27.21,27.21,27.21,281,1585006620000
27.23,27.24,27.23,27.24,600,1585007160000
27.24,27.24,27.24,27.24,1500,1585007220000
27.21,27.21,27.21,27.21,413,1585007280000
27.23,27.24,27.23,27.24,275,1585007340000
27.21,27.21,27.21,27.21,199,1585007400000
27.24,27.24,27.24,27.24,686,1585007460000
27.24,27.25,27.24,27.25,1350,1585007520000
27.2499,27.2499,27.24,27.24,700,1585007580000
27.25,27.25,27.24,27.25,900,1585007640000
27.25,27.25,27.25,27.25,100,1585007700000
27.24,27.24,27.23,27.23,11570,1585007760000
27.23,27.23,27.23,27.23,100,1585007820000
27.2,27.23,27.2,27.23,400,1585007880000
27.22,27.22,27.22,27.22,200,1585007940000
27.7,27.7,27.7,27.7,100,1585036800000
27.84,27.84,27.84,27.84,200,1585037460000
27.91,27.91,27.91,27.91,100,1585037520000
27.98,27.98,27.98,27.98,253,1585037580000
27.99,27.99,27.99,27.99,100,1585037640000
27.96,27.96,27.96,27.96,300,1585037940000
27.84,27.84,27.84,27.84,245,1585038600000
27.9,27.9,27.9,27.9,120,1585039020000
27.84,27.84,27.84,27.84,116,1585039260000
27.96,27.96,27.96,27.96,100,1585040100000
27.96,27.96,27.96,27.96,100,1585040160000
27.96,27.96,27.96,27.96,100,1585040880000
28.1,28.1,28.1,28.1,100,1585041300000
28.1,28.1,28.1,28.1,100,1585041420000
28.05,28.05,28.05,28.05,400,1585041660000
28.15,28.15,28.15,28.15,100,1585041840000
28.15,28.15,28.15,28.15,1000,1585042020000
28.14,28.15,28.14,28.15,398,1585042320000
28.15,28.15,28.15,28.15,200,1585042740000
28.15,28.15,28.15,28.15,1500,1585042860000
28.15,28.15,28.15,28.15,100,1585042980000
28.1,28.1,28.1,28.1,100,1585044120000
28.15,28.15,28.15,28.15,550,1585044300000
28.15,28.15,28.15,28.15,1424,1585044480000
28,28,28,28,200,1585044900000
28,28.2,28,28.2,5880,1585044960000
28.2,28.2,28.2,28.2,1000,1585045620000
28.25,28.25,28.25,28.25,150,1585045740000
28.2,28.2,28.2,28.2,450,1585045800000
28.29,28.29,28.29,28.29,100,1585046100000
28.2,28.2,28.2,28.2,250,1585046880000
28.2,28.2,28.2,28.2,12233,1585046940000
28.1,28.1,28.1,28.1,100,1585047060000
28,28,28,28,200,1585047240000
28.09,28.09,28.09,28.09,100,1585047300000
28,28,28,28,3000,1585047420000
28.09,28.1,28.09,28.1,400,1585047480000
28.07,28.13,28,28.13,6606,1585047600000
28.13,28.13,28.09,28.09,1109,1585047660000
28.12,28.14,28.11,28.14,1389,1585047720000
28.01,28.01,28.01,28.01,745,1585047780000
28.01,28.01,28,28,9447,1585047840000
27.99,27.99,27.99,27.99,1075,1585047900000
27.98,28,27.98,28,2243,1585047960000
27.95,27.95,27.95,27.95,200,1585048020000
27.9,27.9,27.9,27.9,283,1585048080000
27.85,27.85,27.8,27.8,1907,1585048140000
27.75,27.8,27.75,27.8,648,1585048200000
27.79,27.8,27.79,27.8,1000,1585048260000
27.8,27.8,27.8,27.8,200,1585048320000
27.8,27.8,27.8,27.8,1100,1585048380000
27.8,27.8,27.8,27.8,1892,1585048440000
27.8,27.85,27.8,27.8,2000,1585048500000
27.8,27.86,27.79,27.86,6966,1585048560000
27.86,27.86,27.86,27.86,300,1585048620000
27.86,27.87,27.86,27.86,1216,1585048680000
27.87,27.87,27.87,27.87,200,1585048740000
27.86,27.87,27.86,27.87,3140,1585048800000
27.81,27.85,27.81,27.85,1644,1585049040000
27.85,27.85,27.85,27.85,2682,1585049100000
27.85,27.85,27.85,27.85,250,1585049160000
27.8,27.8,27.8,27.8,198,1585049280000
27.77,27.78,27.77,27.78,495,1585049400000
27.75,27.75,27.75,27.75,391,1585049520000
27.75,27.77,27.75,27.77,200,1585049580000
27.77,27.78,27.77,27.78,345,1585049700000
27.78,27.78,27.78,27.78,100,1585049760000
27.76,27.76,27.76,27.76,400,1585049820000
27.76,27.76,27.76,27.76,200,1585049880000
27.75,27.75,27.65,27.65,1361,1585050000000
27.62,27.62,27.62,27.62,100,1585050060000
27.7,27.7,27.7,27.7,1411,1585050420000
27.65,27.66,27.55,27.6,3648,1585050480000
27.6,27.6,27.52,27.52,2375,1585050540000
27.55,27.56,27.55,27.56,525,1585050600000
27.6,27.6,27.55,27.6,1020,1585050660000
27.6,27.6,27.6,27.6,19052,1585050720000
27.6,27.6,27.6,27.6,926,1585050780000
27.65,27.65,27.65,27.65,184,1585050840000
27.6,27.6,27.6,27.6,3460,1585050900000
27.68,27.69,27.68,27.69,1040,1585051020000
27.66,27.66,27.66,27.66,875,1585051140000
27.65,27.7,27.61,27.7,12150,1585051200000
27.65,27.83,27.65,27.83,4061,1585051260000
27.8,27.8,27.65,27.65,2056,1585051320000
27.65,27.8,27.65,27.8,2850,1585051380000
27.79,27.8,27.75,27.79,4900,1585051440000
27.79,27.79,27.75,27.75,1875,1585051500000
27.72,27.72,27.67,27.67,300,1585051560000
27.7,27.79,27.7,27.79,1585,1585051620000
27.78,27.79,27.78,27.79,1380,1585051680000
27.7101,27.78,27.7,27.74,2200,1585051740000
27.72,27.75,27.72,27.75,1974,1585051860000
27.75,27.76,27.72,27.76,1863,1585051920000
27.75,27.75,27.75,27.75,1853,1585051980000
27.77,27.77,27.77,27.77,2272,1585052040000
27.77,27.77,27.77,27.77,100,1585052160000
27.72,27.72,27.72,27.72,1066,1585052220000
27.77,27.79,27.77,27.79,1794,1585052280000
27.79,27.79,27.75,27.77,2650,1585052340000
27.72,27.75,27.7,27.7,2356,1585052400000
27.7,27.7,27.69,27.69,1350,1585052460000
27.69,27.72,27.69,27.72,601,1585052520000
27.75,27.77,27.75,27.77,1104,1585052580000
27.77,27.77,27.75,27.75,1150,1585052640000
27.76,27.8,27.76,27.8,8953,1585052700000
27.8,27.83,27.8,27.83,9928,1585052760000
27.84,27.86,27.84,27.86,727,1585052820000
27.89,27.89,27.87,27.87,5100,1585052880000
27.86,27.86,27.79,27.8,3223,1585052940000
27.8,27.9,27.79,27.9,3178,1585053000000
27.87,27.94,27.85,27.94,3396,1585053060000
27.9,27.9,27.9,27.9,400,1585053120000
27.9,27.9,27.9,27.9,100,1585053180000
27.93,27.94,27.9,27.9,1600,1585053240000
27.9,27.94,27.86,27.93,7129,1585053300000
27.89,27.9,27.89,27.9,5200,1585053360000
27.93,27.94,27.81,27.82,4778,1585053420000
27.85,27.85,27.82,27.84,1204,1585053480000
27.86,27.86,27.86,27.86,1000,1585053540000
27.88,27.88,27.88,27.88,100,1585053600000
27.88,27.95,27.88,27.9499,4398,1585053660000
27.94,27.96,27.94,27.95,1954,1585053720000
27.97,27.99,27.9,27.9,2800,1585053780000
27.9001,28,27.9,28,5329,1585053840000
27.99,28.14,27.98,28.01,10476,1585053900000
28.09,28.14,28.07,28.08,4849,1585053960000
28.02,28.14,28.02,28.06,4096,1585054020000
28.14,28.25,28.14,28.23,15262,1585054080000
28.22,28.23,28.19,28.19,6700,1585054140000
28.145,28.145,28.06,28.06,2000,1585054200000
28.06,28.08,28.05,28.08,18051,1585054260000
28.08,28.1,28.01,28.07,9507,1585054320000
28.07,28.15,28.07,28.15,4887,1585054380000
28.15,28.23,28.15,28.23,3030,1585054440000
28.11,28.2,28.11,28.2,300,1585054500000
28.19,28.23,28.19,28.21,2202,1585054560000
28.19,28.21,28.11,28.21,1837,1585054620000
28.21,28.21,28.21,28.21,2118,1585054680000
28.18,28.18,28.18,28.18,7233,1585054740000
28.18,28.2,28.18,28.2,1884,1585054800000
28.2,28.2,28.15,28.15,300,1585054860000
28.15,28.16,28.1,28.15,1773,1585054920000
28.19,28.34,28.15,28.34,15661,1585054980000
28.26,28.26,28.26,28.26,100,1585055040000
28.3,28.32,28.26,28.32,4219,1585055100000
28.23,28.31,28.23,28.29,1513,1585055160000
28.32,28.32,28.3,28.3,5884,1585055220000
28.28,28.28,28.16,28.16,3000,1585055280000
28.24,28.24,28.2,28.23,12764,1585055340000
28.23,28.23,28.2,28.2,1872,1585055400000
28.17,28.24,28.17,28.17,1225,1585055460000
28.16,28.16,28.15,28.15,500,1585055520000
28.08,28.14,28.08,28.13,6824,1585055580000
28.12,28.17,28.1,28.16,1488,1585055640000
28.23,28.23,28.19,28.19,902,1585055700000
28.14,28.18,28.14,28.16,3586,1585055760000
28.18,28.19,28.16,28.16,1500,1585055820000
28.16,28.19,28.15,28.17,1100,1585055880000
28.19,28.29,28.19,28.25,9950,1585055940000
28.23,28.29,28.08,28.08,9160,1585056000000
28.05,28.05,28.02,28.05,3085,1585056060000
28.02,28.19,28.01,28.19,4768,1585056120000
28.19,28.19,28.07,28.07,5585,1585056180000
28.11,28.11,28.01,28.01,344,1585056240000
28.15,28.15,28.15,28.15,319,1585056300000
28,28.16,28,28.16,2774,1585056360000
28.1,28.1,27.89,27.89,5050,1585056420000
27.99,27.99,27.95,27.96,2900,1585056480000
27.97,28.1,27.96,28.08,4871,1585056540000
28,28.2199,27.8,27.88,1550535,1585056600000
27.86,28,27.77,27.97,199351,1585056660000
28,28.1,27.91,27.925,285354,1585056720000
27.9101,27.995,27.84,27.9014,290722,1585056780000
27.9,27.9109,27.85,27.8725,142574,1585056840000
27.88,27.88,27.75,27.79,346877,1585056900000
27.79,28.0401,27.79,28.03,254350,1585056960000
28.0285,28.13,27.9591,27.98,401174,1585057020000
27.97,28.05,27.95,27.97,317679,1585057080000
27.97,27.98,27.88,27.955,273065,1585057140000
27.96,27.98,27.8901,27.91,218743,1585057200000
27.91,27.94,27.86,27.92,144582,1585057260000
27.925,27.955,27.84,27.85,158407,1585057320000
27.85,27.9,27.83,27.835,170785,1585057380000
27.8386,27.87,27.65,27.7085,333743,1585057440000
27.71,27.8412,27.71,27.73,157027,1585057500000
27.7387,27.77,27.61,27.6999,162270,1585057560000
27.6941,27.78,27.69,27.7461,173800,1585057620000
27.7459,27.81,27.72,27.77,253240,1585057680000
27.77,27.82,27.73,27.76,114138,1585057740000
27.7699,27.785,27.7181,27.74,185171,1585057800000
27.74,27.7401,27.67,27.71,210832,1585057860000
27.7,27.74,27.66,27.68,245096,1585057920000
27.6699,27.7,27.64,27.65,242581,1585057980000
27.655,27.675,27.62,27.67,126018,1585058040000
27.66,27.69,27.59,27.65,164973,1585058100000
27.65,27.67,27.6001,27.67,108669,1585058160000
27.66,27.685,27.57,27.6,136384,1585058220000
27.6,27.62,27.541,27.5674,175942,1585058280000
27.565,27.58,27.51,27.5327,185532,1585058340000
27.54,27.57,27.51,27.525,96333,1585058400000
27.5235,27.55,27.4,27.5049,315672,1585058460000
27.5,27.567,27.47,27.555,95048,1585058520000
27.55,27.595,27.5387,27.565,118929,1585058580000
27.5689,27.59,27.53,27.54,94897,1585058640000
27.55,27.6,27.53,27.5397,130343,1585058700000
27.5301,27.55,27.415,27.45,282750,1585058760000
27.45,27.49,27.4,27.42,131373,1585058820000
27.42,27.42,27.22,27.23,656807,1585058880000
27.2397,27.25,27.15,27.19,399344,1585058940000
27.195,27.205,27.03,27.035,475441,1585059000000
27.049,27.049,26.84,26.97,828335,1585059060000
26.97,27.02,26.96,27.02,241657,1585059120000
27.015,27.02,26.91,27,187482,1585059180000
26.99,27.1,26.98,27.085,331817,1585059240000
27.09,27.12,27.04,27.08,168391,1585059300000
27.09,27.11,27.03,27.1,190065,1585059360000
27.0946,27.175,27.09,27.125,254354,1585059420000
27.1276,27.17,27.09,27.13,142558,1585059480000
27.13,27.15,27,27.15,297870,1585059540000
27.1441,27.18,27.1,27.1,167933,1585059600000
27.105,27.13,27.03,27.125,161787,1585059660000
27.125,27.14,27.09,27.13,115809,1585059720000
27.12,27.15,27.1,27.1431,180455,1585059780000
27.15,27.16,27.09,27.145,154800,1585059840000
27.1468,27.15,27.075,27.085,276533,1585059900000
27.09,27.12,27.05,27.09,207477,1585059960000
27.09,27.12,27.035,27.105,219935,1585060020000
27.1,27.18,27.1,27.12,228731,1585060080000
27.13,27.1376,27.07,27.085,156485,1585060140000
27.08,27.1,27.013,27.0399,182338,1585060200000
27.035,27.055,26.93,27,350542,1585060260000
26.9999,27.01,26.945,26.9776,169470,1585060320000
26.98,27,26.95,26.965,116855,1585060380000
26.97,27,26.94,26.9999,207761,1585060440000
27,27,26.92,26.9899,273599,1585060500000
26.9879,27.05,26.98,27.025,243090,1585060560000
27.03,27.09,27.02,27.06,196180,1585060620000
27.08,27.12,27.06,27.1155,139457,1585060680000
27.11,27.13,27.1,27.1,162985,1585060740000
27.09,27.14,27.055,27.1378,287717,1585060800000
27.14,27.15,27.1148,27.15,202336,1585060860000
27.15,27.16,27.12,27.15,223408,1585060920000
27.146,27.18,27.135,27.17,202397,1585060980000
27.175,27.2,27.155,27.185,232864,1585061040000
27.19,27.24,27.15,27.24,199966,1585061100000
27.24,27.24,27.16,27.1799,184651,1585061160000
27.175,27.24,27.175,27.1901,196439,1585061220000
27.2,27.2,27.13,27.16,212335,1585061280000
27.1641,27.23,27.15,27.2099,126449,1585061340000
27.2078,27.28,27.198,27.275,175965,1585061400000
27.27,27.28,27.24,27.2682,124305,1585061460000
27.27,27.28,27.24,27.26,115846,1585061520000
27.2543,27.3,27.22,27.2515,223075,1585061580000
27.26,27.26,27.2,27.25,229006,1585061640000
27.25,27.3,27.19,27.29,220651,1585061700000
27.29,27.3,27.25,27.28,118480,1585061760000
27.28,27.3,27.21,27.2437,80569,1585061820000
27.24,27.27,27.235,27.27,119086,1585061880000
27.264,27.27,27.23,27.245,176435,1585061940000
27.245,27.295,27.24,27.26,117922,1585062000000
27.2595,27.275,27.235,27.255,98955,1585062060000
27.255,27.2955,27.2501,27.26,124256,1585062120000
27.26,27.3,27.24,27.24,98699,1585062180000
27.2495,27.27,27.23,27.235,122632,1585062240000
27.2389,27.27,27.23,27.26,235905,1585062300000
27.27,27.31,27.26,27.29,147034,1585062360000
27.2958,27.3,27.21,27.275,129726,1585062420000
27.266,27.3063,27.2636,27.2901,98035,1585062480000
27.2983,27.31,27.265,27.2662,108878,1585062540000
27.26,27.3,27.245,27.295,119107,1585062600000
27.3,27.31,27.255,27.27,70510,1585062660000
27.27,27.3,27.24,27.2658,73142,1585062720000
27.26,27.33,27.25,27.31,70313,1585062780000
27.31,27.33,27.2854,27.3198,91639,1585062840000
27.32,27.33,27.27,27.27,68255,1585062900000
27.28,27.3598,27.25,27.3439,119156,1585062960000
27.34,27.355,27.27,27.28,70038,1585063020000
27.28,27.3599,27.2737,27.3135,94533,1585063080000
27.32,27.34,27.28,27.2879,82489,1585063140000
27.29,27.3,27.26,27.27,65673,1585063200000
27.2758,27.31,27.273,27.28,91559,1585063260000
27.28,27.32,27.26,27.265,73275,1585063320000
27.27,27.29,27.2572,27.27,48840,1585063380000
27.28,27.2863,27.21,27.22,84601,1585063440000
27.2294,27.26,27.16,27.215,128073,1585063500000
27.22,27.27,27.2,27.23,94769,1585063560000
27.2299,27.3,27.22,27.255,91871,1585063620000
27.255,27.28,27.23,27.2538,81668,1585063680000
27.26,27.31,27.26,27.285,66592,1585063740000
27.29,27.32,27.25,27.27,167568,1585063800000
27.27,27.275,27.21,27.225,76029,1585063860000
27.2276,27.229,27.185,27.22,60725,1585063920000
27.2249,27.25,27.19,27.2249,59057,1585063980000
27.2287,27.269,27.213,27.22,72485,1585064040000
27.229,27.3,27.229,27.265,145558,1585064100000
27.26,27.27,27.1101,27.183,273486,1585064160000
27.19,27.23,27.18,27.19,64598,1585064220000
27.19,27.25,27.17,27.21,90041,1585064280000
27.2124,27.27,27.21,27.245,98919,1585064340000
27.25,27.27,27.1851,27.255,143879,1585064400000
27.25,27.28,27.2306,27.2435,182884,1585064460000
27.24,27.27,27.22,27.25,109107,1585064520000
27.25,27.305,27.25,27.3,102814,1585064580000
27.305,27.305,27.24,27.26,92942,1585064640000
27.26,27.305,27.24,27.3,76034,1585064700000
27.2971,27.315,27.22,27.24,150270,1585064760000
27.2422,27.29,27.2144,27.255,114839,1585064820000
27.26,27.3,27.25,27.2963,181401,1585064880000
27.293,27.37,27.28,27.35,133684,1585064940000
27.35,27.43,27.35,27.415,167313,1585065000000
27.4114,27.46,27.395,27.45,91925,1585065060000
27.45,27.51,27.45,27.505,296671,1585065120000
27.505,27.54,27.49,27.5147,186900,1585065180000
27.51,27.56,27.47,27.47,130517,1585065240000
27.48,27.53,27.477,27.51,220460,1585065300000
27.51,27.54,27.5,27.5239,172951,1585065360000
27.5221,27.53,27.49,27.495,128172,1585065420000
27.495,27.55,27.485,27.55,247726,1585065480000
27.545,27.66,27.5337,27.65,186384,1585065540000
27.65,27.72,27.64,27.7175,153587,1585065600000
27.7176,27.73,27.69,27.7,160576,1585065660000
27.71,27.7158,27.64,27.655,174276,1585065720000
27.651,27.6799,27.62,27.653,166441,1585065780000
27.66,27.69,27.65,27.6899,178890,1585065840000
27.69,27.75,27.66,27.69,161492,1585065900000
27.69,27.72,27.62,27.63,195686,1585065960000
27.63,27.64,27.59,27.6271,105544,1585066020000
27.63,27.68,27.6,27.646,75536,1585066080000
27.6476,27.665,27.605,27.65,126447,1585066140000
27.645,27.68,27.615,27.6723,134748,1585066200000
27.675,27.72,27.663,27.695,110656,1585066260000
27.695,27.7,27.64,27.64,94909,1585066320000
27.645,27.68,27.6243,27.65,104236,1585066380000
27.6514,27.66,27.54,27.55,100188,1585066440000
27.555,27.6,27.5334,27.58,118174,1585066500000
27.57,27.5799,27.52,27.56,96778,1585066560000
27.5677,27.6,27.56,27.5831,132794,1585066620000
27.59,27.62,27.57,27.613,87911,1585066680000
27.62,27.7276,27.615,27.7,156749,1585066740000
27.71,27.795,27.69,27.7799,161731,1585066800000
27.78,27.81,27.7152,27.7401,203794,1585066860000
27.74,27.76,27.71,27.75,123245,1585066920000
27.76,27.805,27.75,27.805,97239,1585066980000
27.8,27.84,27.78,27.81,185203,1585067040000
27.81,27.86,27.8,27.855,151601,1585067100000
27.855,27.93,27.85,27.925,182366,1585067160000
27.93,28,27.925,27.9869,190977,1585067220000
27.985,28.05,27.96,28.05,259135,1585067280000
28.05,28.12,28.0434,28.115,109149,1585067340000
28.115,28.12,28.06,28.065,232699,1585067400000
28.07,28.08,28.01,28.0301,127086,1585067460000
28.04,28.05,27.96,28.015,137997,1585067520000
28.01,28.07,28.01,28.0361,86684,1585067580000
28.0376,28.04,28.02,28.0352,95666,1585067640000
28.04,28.07,28.02,28.05,116728,1585067700000
28.05,28.08,28.03,28.065,99273,1585067760000
28.065,28.12,28.04,28.111,176421,1585067820000
28.12,28.15,28.09,28.14,91547,1585067880000
28.1301,28.25,28.13,28.21,278221,1585067940000
28.21,28.27,28.19,28.2,179512,1585068000000
28.2,28.2,28.13,28.17,143471,1585068060000
28.17,28.19,28.08,28.1143,163965,1585068120000
28.1199,28.145,28.09,28.12,139917,1585068180000
28.1299,28.19,28.12,28.1768,133614,1585068240000
28.17,28.19,28.14,28.15,167532,1585068300000
28.155,28.18,28.12,28.155,174667,1585068360000
28.155,28.2,28.15,28.18,147564,1585068420000
28.18,28.186,28.1,28.12,196225,1585068480000
28.12,28.15,28.11,28.13,203786,1585068540000
28.1392,28.235,28.13,28.21,140444,1585068600000
28.2,28.265,28.2,28.22,179763,1585068660000
28.22,28.25,28.18,28.18,94151,1585068720000
28.19,28.24,28.17,28.24,124283,1585068780000
28.24,28.26,28.2,28.2444,87353,1585068840000
28.245,28.27,28.1,28.1457,147565,1585068900000
28.15,28.15,28.08,28.11,75270,1585068960000
28.11,28.11,28,28.03,258846,1585069020000
28.026,28.035,27.9072,27.94,113424,1585069080000
27.94,28.005,27.861,27.87,165632,1585069140000
27.88,28.04,27.86,28.02,377910,1585069200000
28.03,28.1499,28.02,28.0888,129795,1585069260000
28.089,28.0948,28.04,28.0873,71880,1585069320000
28.09,28.11,28,28.0102,115206,1585069380000
28.01,28.03,27.97,27.98,168080,1585069440000
27.98,27.99,27.83,27.86,357645,1585069500000
27.86,27.94,27.86,27.9,183889,1585069560000
27.9,27.96,27.88,27.96,244033,1585069620000
27.96,28.02,27.93,27.98,171823,1585069680000
27.985,28.03,27.95,28,190895,1585069740000
27.9938,28,27.935,27.95,189443,1585069800000
27.965,28.045,27.95,27.995,170248,1585069860000
27.995,28.04,27.96,28.01,320619,1585069920000
28.01,28.07,27.99,28.03,86043,1585069980000
28.03,28.09,28.02,28.0523,116793,1585070040000
28.055,28.08,28.03,28.035,123185,1585070100000
28.04,28.08,27.98,28.06,81787,1585070160000
28.055,28.089,27.96,27.9951,124912,1585070220000
28,28.015,27.98,28,94704,1585070280000
28.005,28.09,28,28.07,92412,1585070340000
28.0753,28.0753,27.98,28,129400,1585070400000
28,28.04,27.98,28.0291,124563,1585070460000
28.02,28.08,28.02,28.045,90281,1585070520000
28.04,28.1,28.02,28.07,154319,1585070580000
28.065,28.11,27.98,28,263865,1585070640000
28,28.03,27.99,28.0247,102275,1585070700000
28.03,28.1009,28.01,28.09,114727,1585070760000
28.09,28.13,28.07,28.1,134754,1585070820000
28.11,28.14,28.06,28.075,128825,1585070880000
28.075,28.09,28.01,28.015,98698,1585070940000
28.01,28.095,27.98,28.075,159183,1585071000000
28.0727,28.1087,28.03,28.03,112889,1585071060000
28.0273,28.06,28.02,28.05,123975,1585071120000
28.0447,28.08,28.04,28.0718,103751,1585071180000
28.075,28.09,28.05,28.07,78959,1585071240000
28.07,28.169,28.06,28.14,107475,1585071300000
28.13,28.14,28.04,28.05,193470,1585071360000
28.06,28.09,28.04,28.0692,91740,1585071420000
28.07,28.12,28.03,28.09,140780,1585071480000
28.085,28.09,28.02,28.02,56852,1585071540000
28.03,28.06,28.01,28.04,73810,1585071600000
28.04,28.05,27.97,28,172112,1585071660000
28,28.01,27.97,28,118876,1585071720000
28.01,28.02,27.96,27.985,144091,1585071780000
27.99,28.03,27.975,28.02,66466,1585071840000
28.015,28.02,27.97,28,103790,1585071900000
28.0027,28.04,27.96,28.035,90248,1585071960000
28.03,28.03,27.98,28.01,97867,1585072020000
28.0056,28.02,27.96,27.99,76564,1585072080000
27.9858,28,27.91,27.95,158531,1585072140000
27.96,27.98,27.9,27.9002,171777,1585072200000
27.9,27.99,27.9,27.94,214265,1585072260000
27.935,27.95,27.86,27.9,179385,1585072320000
27.9,28,27.89,27.99,134403,1585072380000
27.99,28.12,27.98,28.05,168415,1585072440000
28.0573,28.0573,27.99,28.04,75793,1585072500000
28.0301,28.12,28.03,28.06,63345,1585072560000
28.06,28.0689,27.97,27.98,105527,1585072620000
27.98,28.03,27.95,27.9738,120825,1585072680000
27.985,28.02,27.96,27.99,83392,1585072740000
28,28.04,27.97,28.0123,91501,1585072800000
28.0199,28.08,28,28.07,133268,1585072860000
28.07,28.09,28.03,28.0634,67058,1585072920000
28.0699,28.075,27.96,27.995,86075,1585072980000
27.99,27.99,27.88,27.89,219825,1585073040000
27.9,27.97,27.89,27.95,87550,1585073100000
27.97,28.02,27.94,28,91900,1585073160000
27.995,28,27.94,27.9763,118002,1585073220000
27.98,27.98,27.86,27.9047,137283,1585073280000
27.91,27.92,27.85,27.897,102274,1585073340000
27.9,27.99,27.88,27.94,135262,1585073400000
27.95,27.99,27.93,27.9818,116532,1585073460000
27.98,28.04,27.96,28.02,103712,1585073520000
28.03,28.05,27.94,28,131609,1585073580000
27.99,28.01,27.92,27.9626,125862,1585073640000
27.97,28.06,27.93,28.06,94408,1585073700000
28.06,28.09,28.03,28.07,130048,1585073760000
28.06,28.08,28.03,28.06,86716,1585073820000
28.05,28.085,28.01,28.0307,87483,1585073880000
28.0399,28.04,27.97,28,83238,1585073940000
28,28.07,27.99,28.06,95003,1585074000000
28.06,28.08,28.04,28.061,42898,1585074060000
28.07,28.085,28.03,28.07,177850,1585074120000
28.05,28.06,28,28.04,175206,1585074180000
28.04,28.04,27.98,28.02,87193,1585074240000
28.02,28.03,27.99,28.01,67811,1585074300000
28.005,28.04,27.99,28.04,65277,1585074360000
28.04,28.05,28.01,28.05,67869,1585074420000
28.0401,28.08,28.03,28.07,92359,1585074480000
28.06,28.0815,28,28,122846,1585074540000
28.01,28.015,27.91,27.92,139137,1585074600000
27.93,27.95,27.91,27.92,126474,1585074660000
27.9168,27.949,27.9,27.93,72368,1585074720000
27.93,27.95,27.88,27.9,295015,1585074780000
27.895,27.92,27.86,27.9,117576,1585074840000
27.8969,27.98,27.89,27.96,128300,1585074900000
27.95,27.99,27.95,27.95,86028,1585074960000
27.96,27.99,27.91,27.935,94384,1585075020000
27.93,27.93,27.85,27.9,92755,1585075080000
27.8907,27.93,27.85,27.9272,117134,1585075140000
27.925,27.95,27.9,27.92,107357,1585075200000
27.9356,27.95,27.86,27.9299,80482,1585075260000
27.93,27.94,27.88,27.88,100197,1585075320000
27.8837,27.935,27.88,27.89,68675,1585075380000
27.8877,27.9,27.86,27.893,104586,1585075440000
27.9,27.925,27.87,27.88,68752,1585075500000
27.88,27.91,27.85,27.88,54843,1585075560000
27.88,27.91,27.86,27.87,71773,1585075620000
27.86,27.91,27.82,27.83,86085,1585075680000
27.83,27.88,27.82,27.87,99874,1585075740000
27.87,27.96,27.85,27.96,102522,1585075800000
27.95,27.96,27.89,27.9,106050,1585075860000
27.9,27.9,27.84,27.845,96446,1585075920000
27.85,27.9623,27.84,27.94,165891,1585075980000
27.94,28.02,27.91,27.99,86133,1585076040000
27.99,28.0531,27.94,28.05,71481,1585076100000
28.05,28.1,28.03,28.09,155300,1585076160000
28.08,28.13,28.05,28.1015,139087,1585076220000
28.11,28.15,28.09,28.125,120826,1585076280000
28.13,28.18,28.07,28.17,247064,1585076340000
28.1627,28.19,28.12,28.16,263974,1585076400000
28.16,28.25,28.15,28.22,182337,1585076460000
28.227,28.2301,28.16,28.1901,151354,1585076520000
28.2,28.21,28.14,28.19,150081,1585076580000
28.1804,28.22,28.12,28.15,178530,1585076640000
28.14,28.1976,28.12,28.1899,203185,1585076700000
28.1899,28.23,28.18,28.21,107284,1585076760000
28.205,28.23,28.18,28.21,63105,1585076820000
28.21,28.24,28.17,28.2247,105671,1585076880000
28.2225,28.24,28.18,28.2285,150193,1585076940000
28.22,28.22,28.16,28.1966,129482,1585077000000
28.1972,28.25,28.17,28.19,138406,1585077060000
28.19,28.19,28.11,28.16,115139,1585077120000
28.1536,28.18,28.13,28.157,109724,1585077180000
28.16,28.27,28.15,28.26,119689,1585077240000
28.27,28.3,28.24,28.28,126589,1585077300000
28.29,28.29,28.2,28.215,133466,1585077360000
28.21,28.21,28.1,28.1469,162021,1585077420000
28.15,28.23,28.14,28.215,146833,1585077480000
28.215,28.22,28.16,28.1694,109039,1585077540000
28.17,28.18,28.12,28.13,127473,1585077600000
28.13,28.16,28.12,28.16,120518,1585077660000
28.16,28.175,28.07,28.12,215773,1585077720000
28.125,28.125,28.065,28.0695,165139,1585077780000
28.07,28.14,28.05,28.135,156248,1585077840000
28.135,28.15,28.05,28.075,117537,1585077900000
28.07,28.16,28.06,28.13,112104,1585077960000
28.145,28.18,28.11,28.13,134101,1585078020000
28.13,28.14,28.06,28.115,182826,1585078080000
28.12,28.17,28.11,28.17,111282,1585078140000
28.17,28.23,28.14,28.22,152120,1585078200000
28.2171,28.24,28.15,28.23,208801,1585078260000
28.23,28.235,28.19,28.22,136061,1585078320000
28.22,28.22,28.18,28.19,160992,1585078380000
28.189,28.21,28.14,28.19,169425,1585078440000
28.19,28.23,28.15,28.17,164827,1585078500000
28.17,28.171,28.0321,28.06,202395,1585078560000
28.06,28.15,28.05,28.139,209263,1585078620000
28.137,28.137,28.08,28.0999,207629,1585078680000
28.1,28.11,28.05,28.0701,171975,1585078740000
28.075,28.13,28.07,28.105,287583,1585078800000
28.105,28.125,28.08,28.1,287702,1585078860000
28.0992,28.125,28.06,28.105,229353,1585078920000
28.11,28.11,28.08,28.0929,206959,1585078980000
28.095,28.135,28.09,28.13,202379,1585079040000
28.12,28.17,28.07,28.1,275295,1585079100000
28.095,28.1,28.02,28.0601,243108,1585079160000
28.06,28.07,27.95,27.975,390913,1585079220000
27.98,28.01,27.9,27.94,265497,1585079280000
27.9407,28.03,27.93,27.98,200754,1585079340000
28,28.105,27.97,28.04,491441,1585079400000
28.04,28.1,28.025,28.095,331923,1585079460000
28.095,28.12,28.035,28.05,292358,1585079520000
28.05,28.055,27.92,27.98,418114,1585079580000
27.98,27.98,27.91,27.9299,492637,1585079640000
27.92,28,27.91,27.97,466062,1585079700000
27.98,28.075,27.975,28.07,518138,1585079760000
28.07,28.185,28.06,28.18,488901,1585079820000
28.1725,28.21,28.1,28.15,554840,1585079880000
28.145,28.15,28.04,28.09,1174452,1585079940000
28.09,28.09,28.03,28.09,850,1585080000000
28.09,28.09,28,28,5172309,1585080120000
28,28,28,28,100,1585080180000
28.04,28.1,28.04,28.09,1475,1585080240000
28.02,28.02,28.02,28.02,495,1585080360000
28.02,28.02,28.02,28.02,1443,1585080420000
28.09,28.09,28.09,28.09,100,1585080480000
28,28,28,28,500,1585080540000
28.09,28.09,28,28,1303,1585080600000
28.1,28.1,28.07,28.07,212,1585080660000
28.07,28.07,28.01,28.01,887,1585080720000
28.01,28.01,28.01,28.01,223,1585080780000
28.01,28.05,28,28.05,2586,1585080840000
28.0399,28.04,28.0399,28.04,3488,1585080900000
28,28,28,28,1600,1585080960000
28.04,28.04,28.04,28.04,952,1585081020000
28.09,28.09,28.09,28.09,844,1585081260000
28,28,28,28,163,1585081320000
28.07,28.08,28.07,28.08,597,1585081380000
28.08,28.08,28.08,28.08,861,1585081440000
28.09,28.09,28.09,28.09,139,1585081500000
28.0899,28.0899,28.0899,28.0899,200,1585081620000
28.09,28.09,28.09,28.09,182,1585081680000
28.08,28.08,28.08,28.08,1176,1585081800000
28,28.09,28,28.09,592,1585081920000
28,28,28,28,158,1585082040000
28.0999,28.0999,28.09,28.09,121006,1585082340000
28.14,28.14,28.11,28.11,406,1585082640000
28.14,28.14,28.14,28.14,2609,1585082760000
28.15,28.15,28.14,28.15,2679,1585082820000
28.15,28.15,28.15,28.15,480,1585083060000
28.15,28.15,28.15,28.15,1210,1585083180000
28.15,28.16,28.15,28.16,1990,1585083300000
28.16,28.16,28.15,28.15,400,1585083360000
28.16,28.16,28.16,28.16,1067,1585083480000
28.16,28.16,28.16,28.16,200,1585083540000
28.1,28.1,28.1,28.1,200,1585083660000
28.09,28.09,28.09,28.09,269,1585083840000
28.09,28.1,28.09,28.1,2100,1585083960000
28.09,28.09,28.08,28.08,1200,1585084080000
28.1,28.15,28.1,28.15,2400,1585084140000
28.15,28.16,28.15,28.16,700,1585084200000
28.15,28.15,28.15,28.15,1400,1585084380000
28.16,28.16,28.16,28.16,426,1585084440000
28.17,28.17,28.17,28.17,200,1585084560000
28.15,28.15,28.15,28.15,2948,1585084680000
28.15,28.15,28.15,28.15,4175,1585084740000
28.17,28.17,28.15,28.15,1237,1585084980000
28.15,28.15,28.15,28.15,1000,1585085040000
28.15,28.15,28.15,28.15,1500,1585085100000
28.15,28.17,28.15,28.17,1100,1585085160000
28.17,28.17,28.17,28.17,271,1585085280000
28.15,28.15,28.12,28.12,8104,1585085400000
28.17,28.17,28.17,28.17,100,1585085460000
28.14,28.14,28.14,28.14,100,1585085700000
28.17,28.17,28.17,28.17,1000,1585085880000
28.14,28.14,28.14,28.14,198,1585085940000
28.14,28.14,28.14,28.14,109,1585086000000
28.12,28.12,28.12,28.12,289,1585086060000
28.11,28.12,28.11,28.12,200,1585086180000
28.11,28.11,28.11,28.11,150,1585086240000
28.08,28.08,28.08,28.08,164,1585086300000
28.05,28.05,28.05,28.05,295,1585086480000
28.17,28.17,28.17,28.17,1773,1585086600000
28.16,28.16,28.16,28.16,1000,1585086960000
28.16,28.16,28.16,28.16,300,1585087020000
28.16,28.16,28.16,28.16,588,1585087320000
28.16,28.16,28.16,28.16,412,1585087380000
28.1,28.1,28.1,28.1,200,1585087500000
28.15,28.15,28.15,28.15,425,1585087560000
28.15,28.15,28.1,28.1,1149,1585087620000
28.1,28.15,28.1,28.15,200,1585087680000
28.17,28.17,28.17,28.17,300,1585087800000
28.17,28.17,28.11,28.17,2077,1585087860000
28.17,28.17,28.17,28.17,1000,1585087980000
28.17,28.17,28.17,28.17,1000,1585088040000
28.17,28.17,28.17,28.17,947,1585088160000
28.12,28.12,28.12,28.12,650,1585088220000
28.11,28.17,28.11,28.16,1100,1585088280000
28.11,28.11,28.11,28.11,420,1585088400000
28.14,28.17,28.14,28.17,600,1585088460000
28.14,28.17,28.14,28.17,500,1585088520000
28.17,28.17,28.14,28.14,1100,1585088580000
28.17,28.17,28.17,28.17,200,1585088820000
28.17,28.17,28.17,28.17,100,1585088880000
28.17,28.17,28.17,28.17,1985,1585089000000
28.19,28.19,28.19,28.19,100,1585089120000
28.19,28.19,28.1701,28.1701,1099,1585089240000
28.2,28.2,28.2,28.2,250,1585089360000
28.2,28.2,28.17,28.17,1013,1585089420000
28.19,28.19,28.19,28.19,200,1585089540000
28.17,28.17,28.17,28.17,341,1585089600000
28.17,28.17,28.15,28.15,400,1585089660000
28.17,28.17,28.17,28.17,2000,1585089720000
28.1699,28.1699,28.1699,28.1699,150,1585089840000
28.15,28.15,28.15,28.15,599,1585089900000
28.15,28.15,28.15,28.15,1000,1585089960000
28.17,28.17,28.17,28.17,2446,1585090080000
28.15,28.15,28.15,28.15,140,1585090140000
28.2,28.2,28.2,28.2,250,1585090200000
28.2,28.22,28.2,28.22,3213,1585090320000
28.2199,28.2199,28.2199,28.2199,180,1585090380000
28.2,28.2,28.2,28.2,200,1585090560000
28.22,28.22,28.22,28.22,100,1585090620000
28.2,28.2,28.2,28.2,746,1585090740000
28.2,28.22,28.2,28.22,590,1585090800000
28.22,28.22,28.22,28.22,250,1585091040000
28.17,28.17,28.15,28.15,353,1585091100000
28.2199,28.2199,28.2199,28.2199,2000,1585091160000
28.2,28.2,28.2,28.2,500,1585091220000
28.2,28.22,28.2,28.2,677,1585091280000
28.2,28.2,28.16,28.16,480,1585091340000
28.2,28.2,28.2,28.2,100,1585091400000
28.16,28.16,28.16,28.16,100,1585091520000
28.16,28.2,28.15,28.2,2102,1585091580000
28.18,28.18,28.18,28.18,177,1585091700000
28.2,28.22,28.2,28.22,1220,1585091880000
28.2,28.2,28.2,28.2,760,1585091940000
28.22,28.22,28.2,28.2,1000,1585092060000
28.2,28.2,28.2,28.2,300,1585092120000
28.22,28.22,28.22,28.22,400,1585092240000
28.2,28.2,28.2,28.2,490,1585092360000
28.21,28.22,28.21,28.22,1027,1585092420000
28.22,28.22,28.22,28.22,100,1585092540000
28.2,28.2,28.2,28.2,5000,1585092600000
28.2,28.2,28.2,28.2,1483,1585092720000
28.2,28.2,28.2,28.2,1000,1585092780000
28.2,28.2,28.2,28.2,9234,1585092840000
28.21,28.21,28.21,28.21,300,1585092960000
28.2,28.2,28.2,28.2,4371,1585093020000
28.14,28.14,28.14,28.14,289,1585093080000
28.2,28.2,28.2,28.2,200,1585093140000
28.14,28.14,28.14,28.14,400,1585093260000
28.1,28.1,28.1,28.1,100,1585093320000
28.1,28.15,28.1,28.1,814,1585093380000
28.1,28.11,28.1,28.11,1100,1585093440000
28.11,28.11,28.11,28.11,895,1585093560000
28.02,28.02,28.02,28.02,1111,1585093740000
28.1,28.1,28.1,28.1,1500,1585093800000
28.02,28.02,28.02,28.02,800,1585093860000
28.05,28.05,28.05,28.05,100,1585094160000
28.02,28.02,28.02,28.02,1177,1585094280000
28.01,28.0199,28.01,28.0199,235,1585094340000
28.5,28.66,28.5,28.66,400,1585123440000
29.2,29.2,29.2,29.2,200,1585125000000
29.24,29.25,29.23,29.24,1887,1585125180000
29.5,29.5,29.5,29.5,300,1585125300000
29.5,29.53,29.5,29.5,1171,1585125360000
29.22,29.22,29.22,29.22,400,1585125540000
29.28,29.28,29.28,29.28,252,1585125600000
29.28,29.28,29.28,29.28,100,1585125660000
29.22,29.25,29.22,29.25,250,1585126380000
29.28,29.28,29.28,29.28,180,1585126560000
29.62,29.62,29.5,29.5,1006,1585127100000
29.55,29.55,29.55,29.55,498,1585127220000
29.54,29.54,29.54,29.54,500,1585127280000
29.42,29.42,29.42,29.42,116,1585127340000
29.24,29.24,29.24,29.24,300,1585128180000
29.24,29.24,29,29,964,1585128240000
29.17,29.17,29.17,29.17,221,1585128720000
29.16,29.16,29.16,29.16,100,1585129380000
29.16,29.16,29.15,29.15,3525,1585129440000
29.15,29.15,29.15,29.15,250,1585129500000
29.04,29.04,29.04,29.04,291,1585130040000
28.91,28.91,28.91,28.91,422,1585130580000
28.91,28.91,28.91,28.91,600,1585130940000
28.91,28.91,28.91,28.91,3400,1585131540000
28.96,28.96,28.96,28.96,107,1585131720000
28.78,28.78,28.78,28.78,100,1585131900000
28.78,28.78,28.78,28.78,250,1585132140000
28.76,28.76,28.69,28.69,711,1585132200000
28.69,28.69,28.69,28.69,100,1585132260000
28.69,28.69,28.69,28.69,312,1585132440000
28.49,28.49,28.49,28.49,214,1585132500000
28.3,28.3,28.28,28.28,250,1585133400000
28.27,28.27,28.27,28.27,100,1585133640000
28.4,28.4,28.2,28.2,396,1585133880000
28.42,28.47,28.25,28.25,4060,1585134000000
28.2,28.3,28.2,28.3,274,1585134120000
28.2,28.2,28.2,28.2,2350,1585134180000
28.09,28.09,28.09,28.09,300,1585134240000
28.09,28.15,28.09,28.15,906,1585134300000
28.3,28.3,28.3,28.3,200,1585134420000
28.3,28.3,28.3,28.3,200,1585134480000
28.3,28.3,28.3,28.3,250,1585134600000
28.2,28.2,28.2,28.2,450,1585134660000
28.3,28.31,28.3,28.31,300,1585134720000
28.3,28.3,28.3,28.3,304,1585134840000
28.31,28.31,28.31,28.31,400,1585134960000
28.3,28.3,28.3,28.3,887,1585135020000
28.39,28.39,28.39,28.39,205,1585135140000
28.39,28.4,28.39,28.4,2970,1585135200000
28.3,28.3,28.3,28.3,543,1585135260000
28.25,28.25,28.25,28.25,100,1585135320000
28.15,28.15,28.15,28.15,307,1585135440000
28.2,28.2,28.2,28.2,251,1585135500000
28.2,28.2,28.2,28.2,200,1585135620000
28.25,28.25,28.25,28.25,100,1585135740000
28.26,28.26,28.2,28.2,788,1585135920000
28.16,28.16,28.16,28.16,192,1585135980000
28.16,28.2,28.16,28.2,874,1585136040000
28.2,28.2,28.2,28.2,325,1585136100000
28.16,28.16,28.15,28.15,929,1585136160000
28.15,28.15,28.15,28.15,188,1585136220000
28.15,28.15,28.15,28.15,189,1585136280000
28.12,28.12,28.1,28.12,2696,1585136340000
28.08,28.1,28.08,28.1,1836,1585136400000
28.1,28.1,28.1,28.1,534,1585136460000
28.08,28.08,28.01,28.01,1717,1585136580000
28.1,28.1,28.1,28.1,165,1585136640000
28.05,28.05,28.05,28.05,100,1585136760000
28.08,28.08,28.05,28.05,334,1585136820000
28.04,28.04,28.03,28.03,500,1585137000000
28.04,28.04,28.02,28.02,3300,1585137180000
28.02,28.02,28.02,28.02,689,1585137240000
28.02,28.02,28.02,28.02,311,1585137300000
28.02,28.02,27.95,27.95,4267,1585137360000
27.99,28,27.99,28,2509,1585137600000
28,28.12,27.95,28.12,47112,1585137660000
28.16,28.2,28.12,28.2,490,1585137720000
28.28,28.28,28.18,28.18,2801,1585137780000
28.18,28.19,28.18,28.19,1100,1585137840000
28.19,28.21,28.15,28.21,604,1585137900000
28.22,28.26,28.22,28.26,691,1585137960000
28.28,28.28,28.28,28.28,500,1585138020000
28.27,28.27,28.2,28.2,1140,1585138140000
28.26,28.26,28.25,28.25,1190,1585138200000
28.28,28.28,28.28,28.28,481,1585138320000
28.25,28.25,28.2,28.2,1816,1585138380000
28.12,28.15,28.12,28.15,200,1585138440000
28.11,28.11,28.11,28.11,150,1585138560000
28.15,28.16,28.15,28.16,200,1585138620000
28.2,28.2,28.2,28.2,1656,1585138680000
28.24,28.25,28.24,28.25,793,1585138800000
28.3,28.38,28.3,28.38,325,1585138860000
28.37,28.38,28.37,28.38,300,1585138920000
28.38,28.38,28.38,28.38,100,1585138980000
28.29,28.29,28.25,28.25,800,1585139040000
28.18,28.27,28.18,28.27,285,1585139100000
28.2,28.2,28.2,28.2,200,1585139220000
28.25,28.3,28.25,28.3,900,1585139280000
28.28,28.3,28.28,28.3,596,1585139340000
28.3,28.3,28.3,28.3,5100,1585139400000
28.29,28.3,28.29,28.3,1587,1585139580000
28.37,28.39,28.37,28.37,5500,1585139640000
28.39,28.4,28.35,28.35,1347,1585139700000
28.4,28.4,28.4,28.4,200,1585139760000
28.4,28.4,28.4,28.4,500,1585139820000
28.44,28.45,28.35,28.35,5517,1585139880000
28.38,28.38,28.3,28.3,2293,1585139940000
28.35,28.55,28.35,28.52,6804,1585140060000
28.5,28.5,28.5,28.5,1000,1585140120000
28.5,28.5,28.45,28.45,200,1585140180000
28.45,28.45,28.42,28.42,1190,1585140240000
28.43,28.43,28.43,28.43,100,1585140300000
28.41,28.41,28.41,28.41,455,1585140360000
28.45,28.45,28.4,28.4,400,1585140420000
28.35,28.35,28.28,28.28,2282,1585140480000
28.3,28.3,28.29,28.3,9542,1585140540000
28.3,28.32,28.28,28.32,12503,1585140600000
28.29,28.35,28.29,28.35,9566,1585140660000
28.33,28.44,28.3,28.4,13399,1585140720000
28.43,28.43,28.4,28.4,1200,1585140780000
28.38,28.43,28.38,28.43,1735,1585140840000
28.45,28.45,28.45,28.45,1003,1585140900000
28.4,28.45,28.4,28.45,12487,1585140960000
28.42,28.44,28.35,28.4,4624,1585141020000
28.4,28.52,28.39,28.52,20017,1585141080000
28.5,28.5,28.5,28.5,1312,1585141140000
28.45,28.5,28.4,28.41,5344,1585141200000
28.49,28.49,28.4,28.49,1441,1585141260000
28.5,28.5,28.49,28.5,2849,1585141320000
28.5,28.55,28.5,28.55,26132,1585141380000
28.57,28.57,28.5,28.5,3167,1585141440000
28.57,28.6,28.5,28.5,9810,1585141500000
28.6,28.6,28.6,28.6,2698,1585141560000
28.57,28.6,28.56,28.6,7173,1585141620000
28.6,28.6,28.55,28.55,2413,1585141680000
28.6,28.6,28.6,28.6,11085,1585141740000
28.58,28.58,28.58,28.58,600,1585141800000
28.57,28.6,28.57,28.6,6913,1585141860000
28.6,28.62,28.6,28.6,17085,1585141920000
28.58,28.63,28.58,28.63,1590,1585141980000
28.64,28.64,28.49,28.49,13122,1585142040000
28.6,28.6,28.41,28.41,8234,1585142100000
28.59,28.7,28.59,28.7,11613,1585142160000
28.68,28.68,28.6,28.6,3482,1585142220000
28.65,28.68,28.6,28.6,1862,1585142280000
28.6,28.6,28.42,28.42,3222,1585142340000
28.44,28.49,28.34,28.43,13546,1585142400000
28.4,28.47,28.35,28.38,13410,1585142460000
28.4,28.4,28.18,28.18,7976,1585142520000
28.17,28.18,28.17,28.17,1200,1585142580000
28.2,28.23,28.17,28.17,2113,1585142640000
28.18,28.29,28.1,28.12,10347,1585142700000
28.1,28.22,28.03,28.19,7314,1585142760000
28.19,28.19,28.11,28.11,2100,1585142820000
28.17,28.17,28.15,28.15,9925,1585142880000
28.15,28.28,28.11,28.11,22932,1585142940000
28.08,28.09,27.38,27.38,1748570,1585143000000
27.37,28.11,27.37,28.0579,114570,1585143060000
28.03,28.07,27.82,28.05,135335,1585143120000
28.05,28.37,28.01,28.2358,225931,1585143180000
28.26,28.41,28.19,28.38,203846,1585143240000
28.37,28.56,28.31,28.51,398166,1585143300000
28.505,28.7,28.48,28.69,324981,1585143360000
28.7,28.7,28.6,28.69,276475,1585143420000
28.69,28.77,28.62,28.6851,220167,1585143480000
28.685,28.8,28.68,28.77,320360,1585143540000
28.7671,28.8,28.64,28.79,308042,1585143600000
28.8,28.845,28.73,28.815,348010,1585143660000
28.81,28.86,28.805,28.85,326269,1585143720000
28.84,28.845,28.67,28.74,203248,1585143780000
28.7544,28.81,28.7085,28.8,184020,1585143840000
28.79,28.87,28.76,28.815,251218,1585143900000
28.805,28.88,28.735,28.735,162519,1585143960000
28.74,28.79,28.66,28.759,150151,1585144020000
28.75,28.7841,28.65,28.66,174781,1585144080000
28.6625,28.73,28.62,28.645,143450,1585144140000
28.645,28.73,28.645,28.67,180932,1585144200000
28.67,28.67,28.51,28.5649,204544,1585144260000
28.555,28.59,28.465,28.5,173697,1585144320000
28.5,28.505,28.295,28.31,205259,1585144380000
28.31,28.3799,28.22,28.275,162536,1585144440000
28.2999,28.3101,28.1394,28.245,194439,1585144500000
28.23,28.2671,28.13,28.18,115576,1585144560000
28.18,28.245,28.11,28.11,207837,1585144620000
28.11,28.14,28.02,28.025,133472,1585144680000
28.02,28.11,28,28.06,144463,1585144740000
28.0594,28.13,28.045,28.085,166632,1585144800000
28.095,28.22,28.08,28.17,127006,1585144860000
28.17,28.175,28.023,28.0871,191378,1585144920000
28.0968,28.13,28.05,28.075,136146,1585144980000
28.08,28.12,28.045,28.0698,111402,1585145040000
28.0701,28.13,28.05,28.13,138213,1585145100000
28.12,28.12,28.05,28.065,133946,1585145160000
28.05,28.08,28.04,28.045,112873,1585145220000
28.0471,28.08,28.01,28.02,133989,1585145280000
28.01,28.04,27.94,28.015,207990,1585145340000
28.02,28.1001,27.96,27.9746,138965,1585145400000
27.975,27.98,27.9,27.93,171413,1585145460000
27.92,27.96,27.83,27.875,143515,1585145520000
27.87,27.91,27.835,27.85,95021,1585145580000
27.85,27.87,27.8,27.82,141237,1585145640000
27.82,27.87,27.805,27.815,83205,1585145700000
27.82,27.92,27.78,27.8896,125696,1585145760000
27.88,27.9,27.81,27.895,123625,1585145820000
27.89,27.99,27.845,27.95,107923,1585145880000
27.95,27.955,27.87,27.91,95620,1585145940000
27.92,27.96,27.87,27.9,100013,1585146000000
27.895,27.97,27.85,27.95,109473,1585146060000
27.945,28,27.925,27.933,90904,1585146120000
27.9409,27.9766,27.91,27.95,74997,1585146180000
27.955,27.9596,27.8907,27.9499,95042,1585146240000
27.945,27.975,27.9,27.915,147230,1585146300000
27.91,27.93,27.88,27.92,84772,1585146360000
27.92,27.97,27.89,27.94,105804,1585146420000
27.93,28.02,27.89,27.99,134509,1585146480000
27.98,28.0476,27.95,28.02,89890,1585146540000
28.025,28.1063,28.01,28.06,102866,1585146600000
28.07,28.09,28.03,28.03,77322,1585146660000
28.03,28.045,27.95,27.96,107384,1585146720000
27.94,27.99,27.91,27.95,76259,1585146780000
27.96,28,27.92,27.99,87987,1585146840000
27.99,28.02,27.93,27.9352,91349,1585146900000
27.9476,28.0601,27.9476,28.06,95798,1585146960000
28.06,28.09,28.05,28.065,51810,1585147020000
28.065,28.15,28.035,28.1499,69398,1585147080000
28.15,28.18,28.1,28.1099,91536,1585147140000
28.1,28.15,28.065,28.1051,94970,1585147200000
28.11,28.2,28.09,28.185,72002,1585147260000
28.1833,28.23,28.13,28.13,79845,1585147320000
28.1399,28.16,28.09,28.1129,98692,1585147380000
28.12,28.195,28.08,28.18,85371,1585147440000
28.19,28.27,28.16,28.26,132735,1585147500000
28.26,28.2952,28.18,28.18,119377,1585147560000
28.177,28.18,28.09,28.155,120231,1585147620000
28.1578,28.225,28.1,28.125,144087,1585147680000
28.13,28.1583,28.1,28.135,117726,1585147740000
28.13,28.24,28.12,28.225,104007,1585147800000
28.215,28.3291,28.19,28.31,67723,1585147860000
28.31,28.38,28.3,28.36,95879,1585147920000
28.35,28.42,28.31,28.325,128612,1585147980000
28.33,28.36,28.29,28.31,102815,1585148040000
28.305,28.3899,28.27,28.36,123541,1585148100000
28.36,28.42,28.34,28.4,85472,1585148160000
28.4,28.46,28.37,28.45,92094,1585148220000
28.45,28.49,28.41,28.48,111924,1585148280000
28.49,28.53,28.47,28.48,113302,1585148340000
28.48,28.51,28.45,28.47,100215,1585148400000
28.47,28.5,28.41,28.425,92680,1585148460000
28.4299,28.455,28.4,28.405,62195,1585148520000
28.41,28.45,28.36,28.43,127579,1585148580000
28.433,28.465,28.425,28.46,88519,1585148640000
28.455,28.5144,28.4401,28.5,116473,1585148700000
28.5,28.58,28.49,28.56,72476,1585148760000
28.56,28.56,28.45,28.5099,98979,1585148820000
28.505,28.55,28.45,28.48,118213,1585148880000
28.49,28.51,28.435,28.45,62477,1585148940000
28.445,28.49,28.4204,28.465,124138,1585149000000
28.47,28.48,28.4,28.42,91776,1585149060000
28.415,28.42,28.335,28.3456,106153,1585149120000
28.345,28.365,28.28,28.355,129777,1585149180000
28.36,28.37,28.32,28.32,75810,1585149240000
28.31,28.354,28.25,28.26,93040,1585149300000
28.26,28.3354,28.26,28.3354,74999,1585149360000
28.339,28.395,28.3131,28.395,73079,1585149420000
28.39,28.45,28.37,28.42,67101,1585149480000
28.4101,28.435,28.37,28.4,67933,1585149540000
28.39,28.43,28.36,28.3989,79284,1585149600000
28.3998,28.3998,28.31,28.36,106194,1585149660000
28.35,28.38,28.3249,28.375,45175,1585149720000
28.365,28.41,28.35,28.41,82584,1585149780000
28.42,28.52,28.41,28.477,134028,1585149840000
28.48,28.59,28.4599,28.59,133268,1585149900000
28.59,28.65,28.56,28.65,119326,1585149960000
28.645,28.66,28.57,28.58,103236,1585150020000
28.58,28.6,28.5,28.525,127808,1585150080000
28.53,28.53,28.43,28.4784,97254,1585150140000
28.48,28.505,28.41,28.505,75285,1585150200000
28.5046,28.53,28.46,28.529,137470,1585150260000
28.528,28.545,28.43,28.43,60410,1585150320000
28.44,28.495,28.4251,28.4782,62942,1585150380000
28.47,28.479,28.395,28.405,180787,1585150440000
28.4,28.4165,28.33,28.36,160729,1585150500000
28.36,28.45,28.36,28.45,64152,1585150560000
28.46,28.5,28.4401,28.47,77711,1585150620000
28.47,28.47,28.365,28.365,99276,1585150680000
28.37,28.44,28.37,28.375,77951,1585150740000
28.37,28.4259,28.33,28.35,89722,1585150800000
28.36,28.39,28.335,28.3752,72726,1585150860000
28.38,28.41,28.355,28.3932,66198,1585150920000
28.391,28.43,28.36,28.365,48996,1585150980000
28.3652,28.3652,28.32,28.335,55969,1585151040000
28.34,28.37,28.3199,28.36,64663,1585151100000
28.36,28.36,28.3,28.33,48451,1585151160000
28.335,28.34,28.28,28.31,64959,1585151220000
28.315,28.36,28.3,28.3,154714,1585151280000
28.305,28.35,28.305,28.305,79028,1585151340000
28.31,28.36,28.3,28.3199,120955,1585151400000
28.315,28.355,28.285,28.33,76243,1585151460000
28.325,28.38,28.325,28.3574,57582,1585151520000
28.35,28.38,28.325,28.325,76178,1585151580000
28.3252,28.336,28.275,28.295,59345,1585151640000
28.2908,28.3,28.19,28.225,119618,1585151700000
28.24,28.2999,28.22,28.28,67722,1585151760000
28.28,28.31,28.24,28.26,89207,1585151820000
28.26,28.295,28.225,28.29,102089,1585151880000
28.29,28.325,28.265,28.315,63631,1585151940000
28.32,28.35,28.29,28.32,71932,1585152000000
28.3166,28.4,28.3166,28.375,117319,1585152060000
28.38,28.4299,28.375,28.415,103595,1585152120000
28.415,28.47,28.415,28.4566,61239,1585152180000
28.46,28.465,28.4,28.415,174707,1585152240000
28.415,28.465,28.405,28.425,93484,1585152300000
28.425,28.49,28.4,28.43,139002,1585152360000
28.44,28.5,28.43,28.5,58039,1585152420000
28.495,28.495,28.455,28.47,66325,1585152480000
28.48,28.52,28.465,28.4953,89759,1585152540000
28.495,28.53,28.495,28.52,115479,1585152600000
28.52,28.56,28.52,28.5587,203242,1585152660000
28.56,28.62,28.555,28.611,160708,1585152720000
28.6194,28.655,28.6,28.62,97177,1585152780000
28.63,28.69,28.62,28.68,89006,1585152840000
28.675,28.72,28.65,28.715,91955,1585152900000
28.71,28.715,28.68,28.6934,69908,1585152960000
28.7,28.74,28.6846,28.735,82107,1585153020000
28.7345,28.735,28.7,28.715,61742,1585153080000
28.715,28.75,28.685,28.69,105842,1585153140000
28.695,28.72,28.69,28.715,84341,1585153200000
28.715,28.785,28.7,28.765,120438,1585153260000
28.76,28.85,28.76,28.845,125144,1585153320000
28.8401,28.8552,28.81,28.8381,103284,1585153380000
28.835,28.87,28.835,28.87,61341,1585153440000
28.86,28.9,28.845,28.895,98010,1585153500000
28.9,28.905,28.86,28.88,160639,1585153560000
28.887,28.93,28.88,28.925,110152,1585153620000
28.926,28.96,28.91,28.9536,110793,1585153680000
28.95,28.96,28.92,28.945,103407,1585153740000
28.95,28.96,28.92,28.93,103340,1585153800000
28.93,28.935,28.89,28.92,162528,1585153860000
28.92,28.94,28.89,28.92,126807,1585153920000
28.92,28.956,28.89,28.9402,110898,1585153980000
28.95,28.97,28.93,28.97,113423,1585154040000
28.96,28.98,28.95,28.97,95367,1585154100000
28.975,28.985,28.93,28.96,95518,1585154160000
28.9549,28.99,28.95,28.965,101673,1585154220000
28.965,29.07,28.965,29.0553,394891,1585154280000
29.0501,29.105,29.0501,29.095,129873,1585154340000
29.11,29.11,29.05,29.0966,125813,1585154400000
29.1,29.11,29.03,29.095,122787,1585154460000
29.09,29.18,29.0831,29.175,95150,1585154520000
29.18,29.19,29.15,29.1673,83732,1585154580000
29.1655,29.18,29.125,29.14,129358,1585154640000
29.14,29.18,29.11,29.135,87017,1585154700000
29.135,29.165,29.12,29.16,59136,1585154760000
29.15,29.2,29.1292,29.19,112115,1585154820000
29.2,29.27,29.16,29.1799,355866,1585154880000
29.175,29.215,29.11,29.111,106790,1585154940000
29.115,29.185,29.1,29.16,103452,1585155000000
29.17,29.225,29.16,29.22,89913,1585155060000
29.225,29.24,29.15,29.19,74480,1585155120000
29.1865,29.22,29.12,29.13,170671,1585155180000
29.1353,29.1472,29.09,29.1,137173,1585155240000
29.1084,29.12,29.035,29.095,224402,1585155300000
29.095,29.17,29.05,29.0836,265474,1585155360000
29.0856,29.09,29.04,29.0579,83899,1585155420000
29.05,29.11,29.03,29.11,100740,1585155480000
29.11,29.165,29.075,29.135,112007,1585155540000
29.14,29.15,29.09,29.135,58865,1585155600000
29.14,29.2,29.12,29.1965,73444,1585155660000
29.2,29.26,29.18,29.26,88556,1585155720000
29.27,29.33,29.25,29.295,171539,1585155780000
29.295,29.35,29.2647,29.295,121949,1585155840000
29.29,29.34,29.2301,29.33,80191,1585155900000
29.33,29.38,29.31,29.3502,141573,1585155960000
29.355,29.4335,29.33,29.43,279362,1585156020000
29.435,29.445,29.38,29.395,132364,1585156080000
29.391,29.43,29.365,29.4052,84077,1585156140000
29.41,29.41,29.29,29.318,102590,1585156200000
29.315,29.335,29.22,29.25,144694,1585156260000
29.25,29.315,29.245,29.3,95493,1585156320000
29.3099,29.325,29.25,29.28,89402,1585156380000
29.28,29.295,29.205,29.255,76221,1585156440000
29.26,29.26,29.16,29.21,136824,1585156500000
29.205,29.25,29.185,29.215,91290,1585156560000
29.2153,29.33,29.2126,29.285,100821,1585156620000
29.28,29.32,29.26,29.275,86716,1585156680000
29.28,29.35,29.275,29.345,108305,1585156740000
29.33,29.365,29.31,29.325,82244,1585156800000
29.325,29.35,29.31,29.32,77526,1585156860000
29.32,29.37,29.2901,29.34,78407,1585156920000
29.345,29.38,29.33,29.36,80952,1585156980000
29.3621,29.3681,29.31,29.325,67712,1585157040000
29.325,29.34,29.3,29.3329,109484,1585157100000
29.335,29.3499,29.28,29.3076,110224,1585157160000
29.31,29.33,29.25,29.2805,74088,1585157220000
29.285,29.3359,29.26,29.33,82735,1585157280000
29.33,29.37,29.305,29.34,95232,1585157340000
29.33,29.36,29.31,29.35,61853,1585157400000
29.355,29.37,29.32,29.36,97311,1585157460000
29.355,29.39,29.34,29.365,69697,1585157520000
29.37,29.4499,29.36,29.445,134250,1585157580000
29.45,29.48,29.41,29.465,81394,1585157640000
29.46,29.485,29.445,29.46,75970,1585157700000
29.47,29.49,29.445,29.485,52049,1585157760000
29.49,29.5574,29.4814,29.5438,216162,1585157820000
29.55,29.64,29.54,29.63,132441,1585157880000
29.63,29.638,29.56,29.628,95745,1585157940000
29.62,29.655,29.61,29.615,72359,1585158000000
29.615,29.67,29.6101,29.6493,89387,1585158060000
29.645,29.71,29.6447,29.655,126174,1585158120000
29.65,29.7,29.645,29.645,61404,1585158180000
29.6414,29.68,29.6118,29.675,104092,1585158240000
29.68,29.76,29.67,29.75,151086,1585158300000
29.745,29.8751,29.745,29.87,259018,1585158360000
29.865,29.9,29.8,29.89,198982,1585158420000
29.89,29.915,29.8,29.8,221601,1585158480000
29.8,29.85,29.78,29.85,98414,1585158540000
29.84,29.93,29.79,29.92,126500,1585158600000
29.9167,29.92,29.85,29.86,103060,1585158660000
29.86,29.89,29.8312,29.86,102735,1585158720000
29.86,29.91,29.8592,29.8888,131423,1585158780000
29.89,29.905,29.795,29.84,169652,1585158840000
29.84,29.91,29.8,29.815,197556,1585158900000
29.815,29.855,29.755,29.755,156646,1585158960000
29.7563,29.7563,29.655,29.655,144506,1585159020000
29.65,29.76,29.62,29.76,155367,1585159080000
29.76,29.81,29.75,29.795,104629,1585159140000
29.795,29.82,29.73,29.75,144309,1585159200000
29.755,29.79,29.715,29.725,65024,1585159260000
29.725,29.73,29.62,29.64,151022,1585159320000
29.65,29.72,29.605,29.61,153391,1585159380000
29.615,29.725,29.615,29.71,145483,1585159440000
29.72,29.72,29.625,29.625,107636,1585159500000
29.6151,29.65,29.58,29.58,125023,1585159560000
29.59,29.6,29.475,29.52,140094,1585159620000
29.525,29.5764,29.47,29.4801,175696,1585159680000
29.48,29.5,29.43,29.5,134336,1585159740000
29.5,29.56,29.46,29.5,122524,1585159800000
29.5,29.565,29.49,29.55,82756,1585159860000
29.5459,29.605,29.52,29.5753,64357,1585159920000
29.57,29.62,29.535,29.575,78977,1585159980000
29.575,29.58,29.49,29.54,112275,1585160040000
29.53,29.59,29.49,29.59,62264,1585160100000
29.59,29.605,29.56,29.565,72108,1585160160000
29.57,29.645,29.565,29.58,68968,1585160220000
29.575,29.645,29.56,29.6,50274,1585160280000
29.6,29.72,29.5936,29.6899,69935,1585160340000
29.69,29.75,29.67,29.7,84515,1585160400000
29.7,29.72,29.62,29.71,99133,1585160460000
29.72,29.772,29.64,29.75,245645,1585160520000
29.755,29.79,29.65,29.68,84801,1585160580000
29.685,29.69,29.62,29.635,120291,1585160640000
29.64,29.685,29.63,29.65,105685,1585160700000
29.645,29.68,29.5901,29.609,103144,1585160760000
29.605,29.607,29.54,29.5705,108460,1585160820000
29.575,29.64,29.57,29.58,90025,1585160880000
29.58,29.6653,29.58,29.605,62354,1585160940000
29.59,29.62,29.5201,29.5201,83325,1585161000000
29.525,29.545,29.46,29.5,87494,1585161060000
29.5,29.535,29.44,29.475,125644,1585161120000
29.47,29.515,29.4699,29.48,74270,1585161180000
29.48,29.48,29.42,29.455,100049,1585161240000
29.4567,29.505,29.43,29.445,82410,1585161300000
29.46,29.5193,29.425,29.435,64984,1585161360000
29.43,29.47,29.39,29.455,80032,1585161420000
29.4519,29.5,29.41,29.48,99442,1585161480000
29.47,29.625,29.46,29.6,100555,1585161540000
29.595,29.62,29.54,29.58,133458,1585161600000
29.58,29.64,29.56,29.61,127859,1585161660000
29.615,29.67,29.585,29.62,141294,1585161720000
29.625,29.6967,29.6,29.665,173459,1585161780000
29.66,29.69,29.645,29.6557,120738,1585161840000
29.655,29.695,29.615,29.69,117950,1585161900000
29.6976,29.7,29.645,29.6451,99716,1585161960000
29.64,29.7,29.63,29.675,91819,1585162020000
29.67,29.69,29.625,29.6771,92931,1585162080000
29.68,29.7,29.635,29.68,70933,1585162140000
29.675,29.725,29.67,29.69,90221,1585162200000
29.69,29.725,29.665,29.67,132811,1585162260000
29.675,29.69,29.61,29.68,85808,1585162320000
29.67,29.69,29.64,29.64,87328,1585162380000
29.65,29.675,29.6027,29.62,98179,1585162440000
29.615,29.74,29.59,29.74,133798,1585162500000
29.74,29.78,29.69,29.69,135812,1585162560000
29.695,29.77,29.695,29.7257,118933,1585162620000
29.725,29.7648,29.65,29.675,120745,1585162680000
29.675,29.7,29.62,29.62,67371,1585162740000
29.6301,29.68,29.6,29.66,100771,1585162800000
29.6629,29.71,29.63,29.69,102838,1585162860000
29.685,29.735,29.67,29.6846,93007,1585162920000
29.69,29.7176,29.685,29.6949,41919,1585162980000
29.695,29.74,29.68,29.74,84332,1585163040000
29.735,29.74,29.69,29.7,51890,1585163100000
29.705,29.74,29.695,29.71,95586,1585163160000
29.7099,29.76,29.695,29.72,75329,1585163220000
29.725,29.74,29.695,29.71,68141,1585163280000
29.71,29.76,29.705,29.705,76637,1585163340000
29.7072,29.71,29.62,29.63,92811,1585163400000
29.62,29.67,29.61,29.63,89549,1585163460000
29.62,29.68,29.62,29.63,123102,1585163520000
29.62,29.64,29.6,29.625,87095,1585163580000
29.63,29.71,29.6,29.68,135728,1585163640000
29.69,29.79,29.685,29.74,146466,1585163700000
29.74,29.7799,29.715,29.73,84545,1585163760000
29.73,29.75,29.6901,29.72,88935,1585163820000
29.72,29.75,29.71,29.745,96918,1585163880000
29.745,29.82,29.73,29.805,238611,1585163940000
29.81,29.84,29.74,29.74,207527,1585164000000
29.7339,29.78,29.67,29.69,169484,1585164060000
29.69,29.73,29.66,29.7099,80366,1585164120000
29.705,29.705,29.6446,29.67,98047,1585164180000
29.67,29.7,29.65,29.6633,70286,1585164240000
29.66,29.765,29.65,29.74,97395,1585164300000
29.735,29.745,29.57,29.5965,128847,1585164360000
29.595,29.615,29.51,29.565,138688,1585164420000
29.57,29.6,29.53,29.58,99638,1585164480000
29.59,29.61,29.52,29.53,88988,1585164540000
29.525,29.64,29.52,29.63,152875,1585164600000
29.625,29.63,29.515,29.545,125383,1585164660000
29.5452,29.58,29.46,29.49,157438,1585164720000
29.495,29.63,29.495,29.615,166266,1585164780000
29.61,29.7,29.6,29.645,112674,1585164840000
29.645,29.7089,29.6301,29.655,186136,1585164900000
29.6528,29.6528,29.5932,29.61,129240,1585164960000
29.605,29.62,29.56,29.565,89520,1585165020000
29.57,29.6266,29.57,29.61,112539,1585165080000
29.61,29.63,29.51,29.535,97701,1585165140000
29.53,29.57,29.5211,29.55,105048,1585165200000
29.55,29.56,29.48,29.5039,165320,1585165260000
29.5056,29.51,29.405,29.445,150316,1585165320000
29.44,29.445,29.3,29.345,196524,1585165380000
29.345,29.385,29.295,29.31,162017,1585165440000
29.31,29.32,29.22,29.259,310791,1585165500000
29.25,29.25,29.14,29.1441,196661,1585165560000
29.14,29.15,29.0741,29.095,190626,1585165620000
29.09,29.1,29.04,29.0401,148610,1585165680000
29.05,29.0669,28.97,29.04,378905,1585165740000
29.02,29.04,28.61,28.6243,759301,1585165800000
28.62,28.67,28.5315,28.55,411325,1585165860000
28.555,28.56,28.42,28.45,566659,1585165920000
28.44,28.47,28.3,28.34,504538,1585165980000
28.34,28.57,28.265,28.57,662462,1585166040000
28.57,28.72,28.5,28.57,642594,1585166100000
28.57,28.67,28.31,28.3489,771426,1585166160000
28.345,28.51,28.32,28.45,697463,1585166220000
28.45,28.5,28.18,28.265,880337,1585166280000
28.26,28.42,28,28.4,1065701,1585166340000
28.47,28.47,28.4,28.4,400,1585166400000
28.4,28.5,28.4,28.5,1200,1585166460000
28.4,28.4,28.29,28.29,6675811,1585166520000
28.4,28.4,28.21,28.28,271651,1585166580000
28.28,28.4,28.27,28.4,3671,1585166640000
28.29,28.29,28.29,28.29,1500,1585166700000
28.37,28.5,28.28,28.35,4810,1585166760000
28.3,28.3,28.3,28.3,250,1585166820000
28.4,28.4,28.4,28.4,154,1585166880000
28.4,28.4,28.4,28.4,2100,1585166940000
28.4,28.5,28.4,28.5,1150,1585167000000
28.5,28.5,28.5,28.5,300,1585167060000
28.41,28.41,28.41,28.41,471,1585167120000
28.45,28.5,28.45,28.5,3637,1585167180000
28.55,28.55,28.55,28.55,300,1585167300000
28.4,28.4,28.4,28.4,600,1585167360000
28.5,28.5,28.5,28.5,1000,1585167420000
28.4,28.4,28.4,28.4,1977,1585167480000
28.4,28.4,28.4,28.4,300,1585167540000
28.35,28.4,28.35,28.4,1240,1585167600000
28.4,28.4,28.4,28.4,200,1585167660000
28.4,28.4,28.4,28.4,3029,1585167720000
28.42,28.42,28.4,28.4,670,1585167900000
28.35,28.35,28.35,28.35,1100,1585167960000
28.325,28.35,28.325,28.35,1000,1585168020000
28.35,28.35,28.35,28.35,590,1585168140000
28.4,28.4,28.4,28.4,2171,1585168260000
28.41,28.41,28.4,28.4,200,1585168320000
28.4,28.55,28.4,28.55,477215,1585168380000
28.55,28.55,28.43,28.43,4600,1585168560000
28.54,28.55,28.43,28.43,4286,1585168620000
28.49,28.49,28.49,28.49,200,1585168740000
28.43,28.43,28.43,28.43,1950,1585168800000
28.44,28.44,28.44,28.44,1500,1585168980000
28.55,28.55,28.55,28.55,200,1585169040000
28.55,28.55,28.55,28.55,105,1585169100000
28.55,28.55,28.55,28.55,100,1585169160000
28.43,28.43,28.43,28.43,149,1585169220000
28.45,28.45,28.45,28.45,200,1585169340000
28.4,28.4,28.4,28.4,712,1585169400000
28.4,28.4,28.4,28.4,150,1585169460000
28.5,28.54,28.5,28.54,945,1585169520000
28.45,28.45,28.4,28.4,1123,1585169640000
28.4,28.4,28.4,28.4,100,1585169700000
28.4,28.4,28.35,28.35,1476,1585169820000
28.35,28.35,28.3,28.35,3242,1585169880000
28.35,28.35,28.35,28.35,149,1585169940000
28.45,28.45,28.45,28.45,291,1585170000000
28.35,28.35,28.35,28.35,450,1585170060000
28.4,28.4,28.37,28.37,891,1585170300000
28.36,28.36,28.36,28.36,1000,1585170360000
28.35,28.36,28.35,28.36,1500,1585170420000
28.44,28.44,28.4399,28.4399,250,1585170600000
28.44,28.44,28.44,28.44,178,1585170660000
28.44,28.44,28.4,28.4,1607,1585170720000
28.45,28.53,28.45,28.53,1126,1585170960000
28.45,28.45,28.45,28.45,200,1585171020000
28.46,28.46,28.46,28.46,100,1585171140000
28.5,28.5,28.5,28.5,300,1585171200000
28.5,28.5,28.5,28.5,299,1585171260000
28.5,28.53,28.5,28.51,1400,1585171320000
28.53,28.53,28.53,28.53,200,1585171380000
28.55,28.55,28.5,28.5,593,1585171560000
28.55,28.55,28.55,28.55,100,1585171800000
28.52,28.52,28.52,28.52,482,1585172160000
28.55,28.55,28.55,28.55,539,1585172220000
28.55,28.55,28.55,28.55,836,1585172460000
28.58,28.58,28.58,28.58,260,1585172700000
28.57,28.57,28.57,28.57,355,1585173000000
28.57,28.58,28.5,28.58,1731,1585173180000
28.55,28.55,28.5,28.5,300,1585173240000
28.5,28.5,28.5,28.5,100,1585173420000
28.5,28.5,28.5,28.5,363,1585173480000
28.55,28.55,28.55,28.55,100,1585173540000
28.5499,28.5499,28.53,28.53,3337,1585173600000
28.55,28.55,28.55,28.55,100,1585173660000
28.55,28.55,28.55,28.55,467,1585173720000
28.58,28.58,28.55,28.58,1100,1585173780000
28.6,28.6,28.6,28.6,100,1585174380000
28.6,28.6,28.6,28.6,200,1585174680000
28.74,28.74,28.74,28.74,300,1585174740000
28.74,28.74,28.74,28.74,118,1585174920000
28.65,28.65,28.6,28.6,1016,1585175040000
28.66,28.66,28.66,28.66,100,1585175100000
28.6,28.6,28.6,28.6,2104,1585175160000
28.6,28.6,28.58,28.6,7428,1585175220000
28.6,28.6,28.6,28.6,400,1585175520000
28.6,28.6,28.6,28.6,1350,1585175640000
28.57,28.57,28.57,28.57,1000,1585175700000
28.74,28.74,28.74,28.74,200,1585176060000
28.73,28.74,28.73,28.74,3430,1585176360000
28.65,28.65,28.65,28.65,1000,1585176420000
28.6799,28.6799,28.6799,28.6799,1000,1585176540000
28.68,28.68,28.68,28.68,100,1585176600000
28.65,28.65,28.65,28.65,400,1585176960000
28.68,28.68,28.68,28.68,990,1585177080000
28.67,28.67,28.67,28.67,100,1585177140000
28.65,28.65,28.65,28.65,900,1585177680000
28.65,28.65,28.65,28.65,100,1585177740000
28.65,28.65,28.65,28.65,250,1585177920000
28.6,28.6,28.6,28.6,1000,1585177980000
28.56,28.56,28.56,28.56,400,1585178040000
28.55,28.55,28.55,28.55,100,1585178100000
28.5,28.5,28.5,28.5,915,1585178160000
28.45,28.48,28.45,28.48,1482,1585178340000
28.48,28.48,28.48,28.48,368,1585178400000
28.5,28.5,28.5,28.5,140,1585179180000
28.48,28.48,28.48,28.48,225,1585179300000
28.4999,28.4999,28.4999,28.4999,100,1585179540000
28.48,28.48,28.48,28.48,100,1585179600000
28.64,28.7,28.64,28.7,908,1585179780000
28.7,28.7,28.7,28.7,100,1585180080000
28.6,28.6,28.6,28.6,300,1585180200000
28.6,28.6,28.6,28.6,250,1585180260000
